director_id,director
1,Aadish Keluskar
2,Aaron Augenblick
3,Aaron Burns
4,Aaron Lieber
5,Aaron Long
6,Aaron Sorkin
7,Abdelhamid Bouchnak
8,Abhijit Panse
9,Abhinay Deo
10,Adam Berg
11,Adam Bernstein
12,Adam Davidson
13,Adam Deyoe
14,Adam Dubin
15,Adam Franklin
16,Adam Heydt
17,Adam Leon
18,Adam Marino
19,Adam Mason
20,Adam McKay
21,Adam Parton
22,Adam Randall
23,Adam Robitel
24,Adam Salky
25,Adam Shankman
26,Adam Silver
27,Adam Wingard
28,Adamo P. Cultraro
29,Adarsh Eshwarappa
30,Aditya Kripalani
31,Adolf El Assal
32,Adrian Lyne
33,Adrian Teh
34,Adze Ugah
35,Afia Nathaniel
36,Agnidev Chatterjee
37,Agnieszka Smoczynska
38,Agustí Villaronga
39,Ahmad El-Badri
40,Ahmed El Gendy
41,Ahmet Katiksiz
42,Ajmal Zaheer Ahmad
43,Alain Darborg
44,Alain Desrochers
45,Alan Carter
46,Alan Ereira
47,Alan J. Pakula
48,Alan Yang
49,Alan Zweig
50,Alankrita Shrivastava
51,Alastair Fothergill
52,Albert Jan van Rees
53,Albert Pintó
54,Albert Sharpe
55,Alberto Belli
56,Alberto Rodríguez
57,Alberto Ruiz Rojo
58,Alejandro Agresti
59,Alejandro Brugués
60,Alejandro G. Iñárritu
61,Alejandro Montiel
62,Alejandro Springall
63,Aleksandr Chernyaev
64,Aleksey German Jr.
65,Aleksey Sidorov
66,Aleksey Tsitsilin
67,Alessandra de Rossi
68,Alessandro D'Alatri
69,Alessandro Pondi
70,Alessandro Siani
71,Alessio Cremonini
72,Alessio Maria Federici
73,Alethea Jones
74,Alex Beaty
75,Alex Burunova
76,Alex Garland
77,Alex Gibney
78,Alex Goyette
79,Alex Holmes
80,Alex Infascelli
81,Alex Kurtzman
82,Alex Lehmann
83,Alex Merkin
84,Alex Orwell
85,Alex Pillai
86,Alex Proyas
87,Alex Ranarivelo
88,Alex Richanbach
89,Alex Rodrigo
90,Alex Stapleton
91,Alex Timbers
92,Alex Winter
93,Alex Zamm
94,Alexander Payne
95,Alexandra La Roche
96,Alexandre Aja
97,Alexandre Avancini
98,Alexandre Espigares
99,Alexandre Laurent
100,Alexandre Moratto
101,Alexandre Reinecke
102,Alexis Almström
103,Alexis Morante
104,Alexis Ostrander
105,Aleysa Young
106,Alfons Adetuyi
107,Alfonso Cortés-Cavanillas
108,Alfonso Cuarón
109,Alfonso Pineda Ulloa
110,Ali Akbarzadeh
111,Ali Atay
112,Ali F. Mostafa
113,Ali Tabrizi
114,Ali Taner Baltaci
115,Alice Filippi
116,Alice Rohrwacher
117,Alice Wu
118,Alik Sakharov
119,Alison Klayman
120,Alistair Legrand
121,Allan Dwan
122,Allan Kroeker
123,Allan Ungar
124,Allen Hughes
125,Ally Pankiw
126,Alrick Riley
127,Alysse Leite-Rogers
128,Amanda Blue
129,Amanda Marsalis
130,Amanda Raymond
131,Amanda Richardson
132,Amanda Row
133,Amanda Tapping
134,Amar Kaushik
135,Amara Cash
136,Ami Canaan Mann
137,Amma Asante
138,Amman Abbasi
139,Amr Arafa
140,Amr Salah
141,Amr Salama
142,Amy Heckerling
143,Amy Poehler
144,Amy Rice
145,Amy Schumer
146,Amy Winfrey
147,Amyn Kaderali
148,Ana Lily Amirpour
149,Anand Tiwari
150,Anca Damian
151,Anca Miruna Lazarescu
152,Andaç Haznedaroglu
153,Anders Morgenthaler
154,Anders Nilsson
155,Andi Armaganian
156,Andi Behring
157,Andrea De Sica
158,Andrea Molaioli
159,Andrea Tagliaferri
160,Andrei Gruzsniczki
161,Andrei Zincã
162,Andres Feddersen
163,Andres Salaff
164,Andrew Bujalski
165,Andrew DeYoung
166,Andrew Disney
167,Andrew Dominik
168,Andrew Dosunmu
169,Andrew Jenks
170,Andrew Jones
171,Andrew L. Schmidt
172,Andrew McCarthy
173,Andrew Niccol
174,Andrzej Bartkowiak
175,Andrés Baiz
176,Andy Byatt
177,Andy Cadiff
178,Andy Fowler
179,Andy Hay
180,Andy Mikita
181,Andy Muschietti
182,Andy Nyman
183,Andy Serkis
184,Andy Tennant
185,Aneesh Anwar
186,Aneesh Chaganty
187,Angela Barnes
188,Angelina Jolie
189,Angelo Abela
190,Angga Dwimas Sasongko
191,Aniëlle Webster
192,Ann Deborah Fishman
193,Anna Elizabeth James
194,Anna Foerster
195,Anna Wieczur-Bluszcz
196,Annabel Oakes
197,Anne Fletcher
198,Anne Fontaine
199,Anne Sewitsky
200,Anne Wheeler
201,Anne de Clercq
202,Annette K. Olesen
203,Anthony Bell
204,Anthony C. Ferrante
205,Anthony Gonzales
206,Anthony Lioi
207,Anthony Mandler
208,Anthony Mann
209,Anthony Stacchi
210,Antoine Fuqua
211,Antoinette Beumer
212,Antongiulio Panizzi
213,Antonin Baudry
214,Antonio Campos
215,Antonio Chavarrías
216,Antonio Hernández
217,Antonio Le Fosse
218,Antonio Morabito
219,Antonio Negret
220,Antonio Tublen
221,Antony De Gennaro
222,Anu Valia
223,Anubhav Sinha
224,Anurag Basu
225,Anurag Kashyap
226,Anvita Dutt
227,Anya Adams
228,April Mullen
229,Aprill Winney
230,Apurva Dhar Badgaiyann
231,Archie Hekagery
232,Ari Sandel
233,Ariel Boles
234,Ariel Vromen
235,Arkasha Stevenson
236,Armen V. Kevorkian
237,Arne Feldhusen
238,Arne Toonen
239,Arthur Hiller
240,Arthur Muhammad
241,Arthur Rasco
242,Arun Kumar
243,Aruna Raje
244,Arvind Sastry
245,Asep Kusdinar
246,Ashish R. Shukla
247,Ashish Ray
248,Ashley Way
249,Atle Knudsen
250,Atlee Kumar
251,Atul Sabharwal
252,Augustine Frizzell
253,Ava DuVernay
254,Avid Liongoren
255,Avinash Walzade
256,Awi Suryadi
257,Awol Erizku
258,Axel Uriegas
259,Axelle Carolyn
260,Axelle Laffont
261,Ayoka Chenzira
262,Aytaç Agirlar
263,Ayush Raina
264,Aziz Ansari
265,B. Unnikrishnan
266,B.V. Nandini Reddy
267,Babak Anvari
268,Baltasar Kormákur
269,Banjong Pisanthanakun
270,Baran bo Odar
271,Barbara Bialowas
272,Barbara Bredero
273,Barbara Eder
274,Barbara Topsøe-Rothenborg
275,Barbara Wong Chun-Chun
276,Barry Avrich
277,Barry Jenkins
278,Bartosz Konopka
279,Bartosz M. Kowalski
280,Bassam Tariq
281,Bedran Güzel
282,Bejoy Nambiar
283,Ben Affleck
284,Ben Bjelajac
285,Ben C. Lucas
286,Ben Chanan
287,Ben Chessell
288,Ben Falcone
289,Ben Hernandez Bray
290,Ben Jehoshua
291,Ben Lemoine
292,Ben Shelton
293,Ben Stiller
294,Ben Wheatley
295,Ben Young
296,Benjamin Dickinson
297,Benjamin Kasulke
298,Benjamin Statler
299,Bennett Miller
300,Benno Schoberth
301,Benny Boom
302,Benny Fredman
303,Benson Lee
304,Bentley Kyle Evans
305,Berkun Oya
306,Bernardo Arellano
307,Bernardo De la Rosa Villarreal
308,Bert Kish
309,Bert Marcus
310,Bertrand Bonello
311,Beth McCarthy-Miller
312,Betsy Thomas
313,Betty Thomas
314,Bharat Jain
315,Bharat Nalluri
316,Bill Condon
317,Bill Markham
318,Bille August
319,Bille Woodruff
320,Billy Corben
321,Birgitte Stærmose
322,Blair Simmons
323,Blair Treu
324,Blake Davis
325,Blake Edwards
326,Blake Lemons
327,Blitz Bazawule
328,Bo Burnham
329,Boaz Yakin
330,Bob Bryan
331,Bob Byington
332,Bob Koherr
333,Bob Yari
334,Bobby Roth
335,Bobcat Goldthwait
336,Bogdan Theodor Olteanu
337,Bolanle Austen-Peters
338,Bong Joon Ho
339,Borja Cobeaga
340,Brad Anderson
341,Brad Falchuk
342,Brad Furman
343,Brad Peyton
344,Brad Silberling
345,Bradford May
346,Bradley Cooper
347,Bradley Walsh
348,Brandi Bradburn
349,Brandon Camp
350,Brandon Nutt
351,Brenda Strong
352,Brendan Mertens
353,Brendan Toller
354,Brent Bonacorso
355,Brent Craft
356,Brent Crowell
357,Brent Dawes
358,Brent Huff
359,Brenton Spencer
360,Bret Haaland
361,Brett Donowho
362,Brett Haley
363,Brett Harvey
364,Brett Morgen
365,Brian A. Miller
366,Brian Andrew Mendoza
367,Brian Caunter
368,Brian Fee
369,Brian Kirk
370,Brian Knappenberger
371,Brian Mainolfi
372,Brian Maya
373,Brian Oakes
374,Brian Peter Falk
375,Brian Scott Lederman
376,Brian Smith
377,Brian Spitz
378,Brian Volk-Weiss
379,Brian Yorkey
380,Bridget Underwood
381,Brie Larson
382,Brittany Andrews
383,Bronwen Hughes
384,Bruce Koehler
385,Bruce McDonald
386,Bruce Ricker
387,Bruno Ascenzo
388,Bruno Corbucci
389,Bruno Garotti
390,Bryan Fogel
391,Bryan Francis
392,Bryce Wagoner
393,Buchi Babu Sana
394,Budd Boetticher
395,Burak Aksak
396,Burcu Alptekin
397,Buta Singh
398,Byoung-Wook Ahn
399,Börkur Sigþórsson
400,Caito Ortiz
401,Cal Seville
402,Camille Shooshani
403,Can Ulkay
404,Candace Cameron Bure
405,Caradog W. James
406,Carey McKenzie
407,Carl Franklin
408,Carles Torras
409,Carlo Carlei
410,Carlo Fusco
411,Carlos Kaimakamian Carrau
412,Carlos Montero
413,Carlos Moreno
414,Carlos Morett
415,Carlos Perez Osorio
416,Carlos Sedes
417,Carlos Sorin
418,Carol Banker
419,Caroline Bell Booth
420,Caroline Suh
421,Carrie Cracknell
422,Cary Joji Fukunaga
423,Casey Lowe
424,Casper Andreas
425,Catalina Aguilar Mastretta
426,Cate Shortland
427,Catherine Hardwicke
428,Catherine Reitman
429,Catriona McKenzie
430,Cecil B. DeMille
431,Cecilia Aranovich
432,Cecilia Peck
433,Cecilia Verheyden
434,Cedric Nicolas-Troyan
435,Cem Yilmaz
436,Chad Hartigan
437,Chad Lowe
438,Chadd Harbold
439,Chaitanya Tamhane
440,Chandra Liow
441,Chandran Narikode
442,Charles Hood
443,Charles Martin
444,Charles Martin Smith
445,Charles Maxwell
446,Charles Shyer
447,Charles Stone III
448,Charlie Haskell
449,Charlie Kaufman
450,Charlie McDowell
451,Charlotte Brändström
452,Chase Conley
453,Che Sandoval
454,Cheh Chang
455,Chell Stephen
456,Chen-Hao Yin
457,Cherie Nowlan
458,Chester Tam
459,Chia-Liang Liu
460,Chia-Lin Chu
461,Chiaki Kon
462,Chiwetel Ejiofor
463,Chris Appelhans
464,Chris Baugh
465,Chris Bolan
466,Chris Columbus
467,Chris Donovan
468,Chris Eigeman
469,Chris Graham
470,Chris Kelly
471,Chris Lilley
472,Chris Modoono
473,Chris Moukarbel
474,Chris Nelson
475,Chris Paine
476,Chris Peckover
477,Chris Peppe
478,Chris Prynoski
479,Chris Robinson
480,Chris Rock
481,Chris Savino
482,Chris Sivertson
483,Chris Smith
484,Chris Sparling
485,Chris Stokes
486,Chris Weitz
487,Christian D. Bruun
488,Christian Jensen
489,Christian Schwochow
490,Christian T. Petersen
491,Christie Will Wolf
492,Christina Manrique
493,Christina Voros
494,Christine Luby
495,Christofer Graham
496,Christoph Schrewe
497,Christophe Charrier
498,Christopher Amos
499,Christopher Ashley
500,Christopher Chambers
501,Christopher Denham
502,Christopher Dorrah
503,Christopher Guest
504,Christopher J. Byrne
505,Christopher Jenkins
506,Christopher Landon
507,Christopher Leone
508,Christopher Louie
509,Christopher Nolen
510,Christopher Ray
511,Chun Wong
512,Chung Sun
513,Chung-Hyun Lee
514,Ciarán Foy
515,Cindy Chupack
516,Claire Scanlon
517,Clare Kilner
518,Clark Johnson
519,Claudia Llosa
520,Claudia Yarmy
521,Clay Glen
522,Clay Jeter
523,Clay Kaytis
524,Clement Virgo
525,Clementine Malpas
526,Colin Barnicle
527,Colin Bucksey
528,Colin Edward Lawrence
529,Colin Minihan
530,Colin Nutley
531,Colleen Patrick
532,Colm McCarthy
533,Conor Allyn
534,Conor McMahon
535,Conrad Helten
536,Cooper Karl
537,Coralie Fargeat
538,Cornel Gheorghita
539,Cory Edwards
540,Cosmo Feilding-Mellen
541,Courtney Hunt
542,Craig Brewer
543,Craig Gillespie
544,Craig Johnson
545,Craig Leeson
546,Craig Teper
547,Crayton Robey
548,Cris D'Amato
549,Cristi Iftime
550,Cristina Jacob
551,Crystle Roberson
552,Curtis Clark
553,Curtis Lelash
554,Cédric Jimenez
555,Céline Sciamma
556,César Rodrigues
557,Cüneyt Kaya
558,Dae-seung Kim
559,Daina Reid
560,Dakxin Bajrange
561,Dale Stern
562,Dallas Jackson
563,Damien Leone
564,Damien O'Connor
565,Damián Romay
566,Dan Berlinka
567,Dan Bush
568,Dan Chisu
569,Dan Fausett
570,Dan Gilroy
571,Dan Hunt
572,Dan Krauss
573,Dan Mazer
574,Dan Murdoch
575,Dan Pita
576,Danfung Dennis
577,Dani de la Orden
578,Dani de la Torre
579,Daniel Arasanz
580,Daniel Barnz
581,Daniel Benmayor
582,Daniel Calparsoro
583,Daniel Espinosa
584,Daniel Goldhaber
585,Daniel Gray Longino
586,Daniel Guzmán
587,Daniel Lind Lagerlöf
588,Daniel Mann
589,Daniel Markowicz
590,Daniel Mendelle
591,Daniel Minahan
592,Daniel Monzón
593,Daniel O'Hara
594,Daniel Pacífico
595,Daniel Prochaska
596,Daniel Sánchez Arévalo
597,Daniel Vernon
598,Daniel Zelik Berk
599,Daniel de la Vega
600,Daniela Goggi
601,Daniele Grieco
602,Danielle Panabaker
603,Danila Kozlovskiy
604,Danny Boyle
605,Danny Roew
606,Danny Stolker
607,Dany Boon
608,Dara Horenblas
609,Darin Beckstead
610,Darnell Martin
611,Darragh Byrne
612,Darragh O'Connell
613,Darrell Brown
614,Darren Aronofsky
615,Darren Lynn Bousman
616,Daryl Hannah
617,Daryne Joshua
618,Dave Coulier
619,Dave Filoni
620,Dave Meyers
621,Dave Needham
622,Dave Paige
623,Dave Patten
624,Dave Schram
625,Dave Stone
626,David Ayer
627,David Barrett
628,David Batty
629,David Benullo
630,David Blair
631,David Bruckner
632,David Casademunt
633,David Charhon
634,David Cross
635,David DeCoteau
636,David Dobkin
637,David Dwooman Woo
638,David E. Talbert
639,David Emmings
640,David Fincher
641,David France
642,David Frankel
643,David Frazee
644,David Galán Galindo
645,David Gregory
646,David Grovic
647,David Harewood
648,David Higby
649,David Kendall
650,David Koepp
651,David Lean
652,David Leitch
653,David Lynch
654,David M. Rosenthal
655,David Mackenzie
656,David Marconi
657,David McWhirter
658,David Michôd
659,David Miller
660,David Moore
661,David Morlet
662,David Mrnka
663,David Oelhoffen
664,David Oyelowo
665,David Pablos
666,David Petrarca
667,David Rodriguez
668,David Rogers
669,David Ruiz
670,David Sandberg
671,David Slade
672,David Sutherland
673,David Victori
674,David Wain
675,David Wnendt
676,David Yarovesky
677,Davide Marengo
678,Dax Shepard
679,Dean Craig
680,Dean Devlin
681,Dean White
682,Debaloy Dey
683,Debbie Allen
684,Dee Rees
685,Deepa Mehta
686,Deeyah Khan
687,Demián Rugna
688,Denis Rovira van Boekholt
689,Denis Villeneuve
690,Deniz Yorulmazer
691,Dennie Gordon
692,Dennis Bots
693,Dennis Gansel
694,Dennis Hopper
695,Deran Sarafian
696,Derek Simonds
697,Destiny Ekaragha
698,Detlev Buck
699,Dev Patel
700,Devashish Makhija
701,Dharmendra Suresh Desai
702,Diana Valentine
703,Diana Whitten
704,Dick Maas
705,Diederick Koopal
706,Diego Cohen
707,Diego Luna
708,Diego Martínez Ulanosky
709,Diego Pignataro
710,Diego Velasco
711,Dilip Mehta
712,Do Joon Sung
713,Doesjka van Hoogdalem
714,Domenico Emanuele de Feudis
715,Don Argott
716,Don Coscarelli
717,Don Haderlein
718,Don Michael Paul
719,Dong-kyu Kim
720,Donick Cary
721,Donovan Marsh
722,Dorian Fernández-Moris
723,Doug Campbell
724,Doug Lefler
725,Douglas Attal
726,Douglas Elford-Argent
727,Douglas Sirk
728,Drake Doremus
729,Drew Casson
730,Drew Glick
731,Drew Goddard
732,Duane Adler
733,Duncan Jones
734,Duncan Skiles
735,Dwayne Hurt
736,Dylan Avery
737,E.L. Katz
738,Eagle Egilsson
739,Easy Ferrer
740,Ed Fraiman
741,Ed Perkins
742,Eddie Mullins
743,Eddie Rosas
744,Edgar Arellano
745,Edgar Wright
746,Edoardo Ponti
747,Edouard Salier
748,Eduardo Casanova
749,Eduardo Rodriguez
750,Edward Bazalgette
751,Edward Berger
752,Edwin
753,Edwin L. Marshall
754,Egor Baranov
755,Eiichirô Hasumi
756,Ekene Som Mekwunye
757,Ekwa Msangi
758,Elaine Bogan
759,Elaine McMillion Sheldon
760,Eli Craig
761,Eli Roth
762,Elisa Fuksas
763,Elisa Miller
764,Elisabeth Vogler
765,Elissa Down
766,Elite Zexer
767,Elizabeth Allen Rosenbaum
768,Elizabeth Banks
769,Elizabeth Canner
770,Elizabeth Wood
771,Ellen Brown
772,Ellen Kuras
773,Ellie Foumbi
774,Elliot Dear
775,Elliott Lester
776,Elodie Keene
777,Eléonore Pourriat
778,Emanuel Parvu
779,Emily Hagins
780,Emma Freeman
781,Emmanuel Amara
782,Emmanuel Mouret
783,Emmett Malloy
784,Emre Kabakusak
785,Enah Johnscott
786,Enrique García Meza
787,Enzo Monteleone
788,Eric Aghimien
789,Eric Bilitch
790,Eric Cabello
791,Eric Dean Seaton
792,Eric England
793,Eric Juhola
794,Eric Laneuville
795,Eric Schaeffer
796,Erik Canuel
797,Erik Richter Strand
798,Erik White
799,Erin Feeley
800,Ernest Prakasa
801,Ernest R. Dickerson
802,Ernie Barbarash
803,Erwin van den Eshof
804,Esteban Crespo
805,Esteban Ramírez
806,Estevan Oriol
807,Ethan Spaulding
808,Euros Lyn
809,Eva Longoria
810,Eva Orner
811,Eva Trobisch
812,Evan Buxbaum
813,Evgeny Afineevsky
814,Ezel Akay
815,Ezna Sands
816,F. Gary Gray
817,Fab 5 Freddy
818,Fabrice Gobert
819,Fabrice Lambot
820,Fabrice du Welz
821,Fabrizio Costa
822,Fajar Bustomi
823,Farah Khan
824,Farah Nabulsi
825,Farhad Safinia
826,Faruk Aksoy
827,Farzad Sangari
828,Fede Alvarez
829,Federico D'Alessandro
830,Federico Untermann
831,Federico Veiroj
832,Felipe Martínez Amador
833,Felix Binder
834,Felix Thompson
835,Ferdinando Cito Filomarino
836,Fernando Ayllón
837,Fernando Bassi
838,Fernando Coimbra
839,Fernando Colomo
840,Fernando Frias
841,Fernando González Molina
842,Fernando Lebrija
843,Fernando Meirelles
844,Fernando Trullols
845,Ferzan Ozpetek
846,Filip Zylber
847,Flavio Florencio
848,Florent Bodin
849,Florian Baxmeyer
850,Florian Gottschick
851,Florian Henckel von Donnersmarck
852,Floyd Russ
853,Ford Austin
854,Fouad Mikati
855,Francesco Amato
856,Francesco Carnesecchi
857,Francesco Lettieri
858,Francis D. Lyon
859,Francis Lawrence
860,Francis Whately
861,Francisco Macri
862,Francisco Ruiz-Velasco
863,Franck Nataf
864,Franck Phelizon
865,Franck Ribière
866,Franco di Chiera
867,Frank Coraci
868,Frank Krom
869,Frank Lammers
870,Frank Rajah Arase
871,Franklin J. Schaffner
872,Frant Gwo
873,Franziska Meyer Price
874,Frazer Bailey
875,Fred Cavayé
876,Fred Ouro Preto
877,Fred Savage
878,Fred Terling
879,Fred Zinnemann
880,Fredde Granberg
881,Frederik Du Chau
882,Frederikke Aspöck
883,Fredrick Munk
884,Fredrik Edfeldt
885,Fumihiko Sori
886,G.J. Echternkamp
887,Gabriel Correa
888,Gabriel Grieco
889,Gabriel Julien-Laferrière
890,Gabriela Tagliavini
891,Gabriele Mainetti
892,Gabrielle Demeestere
893,Gail Harvey
894,Gajendra Ahire
895,Galder Gaztelu-Urrutia
896,Gandja Monteiro
897,Gareth Crocker
898,Gareth Evans
899,Garth Jennings
900,Gary Alazraki
901,Gary Andrews
902,Gary Fleder
903,Gary Harvey
904,Gary Ross
905,Gary Wheeler
906,Gary Young
907,Gaspar Antillo
908,Gaspar Noé
909,Gavin Hood
910,Geir Henning Hopland
911,Genevieve Nnaji
912,Genndy Tartakovsky
913,Geoff Meed
914,Geoff Murphy
915,Geoffrey Wing Shotz
916,George Butler
917,George C. Wolfe
918,George Clooney
919,George Gallo
920,George Marshall
921,George Ratliff
922,George Sherman
923,George Stevens
924,Gerard Barrett
925,Gerard McMurray
926,Gerardo Gatica González
927,Gerardo Olivares
928,Gerd Oswald
929,Geun-hyun Cho
930,Giacomo Campiotti
931,Giancarlo Abrahan
932,Giancarlo Volpe
933,Gideon Raff
934,Gil Baroni
935,Gil Junger
936,Gil Kenan
937,Gilbert Chan
938,Gilles Paquet-Brenner
939,Gina Lamar
940,Gina Prince-Bythewood
941,Gio Puyat
942,Girish Malik
943,Gitanjali Rao
944,Giulio Base
945,Glendyn Ivin
946,Glenn Gaylord
947,Glenn Weiss
948,Gonenc Uyanik
949,Gonzalo Bendala
950,Goran Kapetanovic
951,Gore Verbinski
952,Gorô Miyazaki
953,Gotham Chopra
954,Grace Chapman
955,Grant Singer
956,Grant Sputore
957,Greg 'Freddy' Camalier
958,Greg Barker
959,Greg Campbell
960,Greg Jardin
961,Greg Pritikin
962,Greg Sullivan
963,Greg Whiteley
964,Gregg Champion
965,Gregory Caruso
966,Gregory Jacobs
967,Gregory Smith
968,Griffin Dunne
969,Guillaume Pierret
970,Guillermo de Oliveira
971,Gurinder Chadha
972,Gus Holwerda
973,Gustaf Molander
974,Gustavo Hernández
975,Gustavo Ron
976,Guy Hamilton
977,Gwyneth Horder-Payton
978,Gyan Correa
979,Gökhan Tiryaki
980,Gösta Werner
981,Hadrah Daeng Ratu
982,Hadrian Marcu
983,Hae-Young Lee
984,Haifaa Al-Mansour
985,Hakan Algül
986,Hakan Yonat
987,Hal Hartley
988,Halder Gomes
989,Halitha Shameem
990,Halle Berry
991,Hallvard Bræin
992,Hamisha Daryani Ahuja
993,Haneef Adeni
994,Hanelle M. Culpepper
995,Hang-jun Jang
996,Hani Hamdi
997,Hannah Fidell
998,Hannah Hoare
999,Hannah Quinn
1000,Hannes Holm
1001,Hannes Stöhr
1002,Hanno Olderdissen
1003,Hannu Salonen
1004,Hans Alfredson
1005,Hans Herbots
1006,Hans Somers
1007,Hansol Shin
1008,Hanung Bramantyo
1009,Harald Zwart
1010,Hardik Mehta
1011,Harold Becker
1012,Harry Bradbeer
1013,Harry Jierjian
1014,Harry Keller
1015,Hasraf Dulull
1016,Hasse Ekman
1017,Hatem Khraiche
1018,Hayao Miyazaki
1019,Hayley MacFarlane
1020,Heather Tom
1021,Helen Shaver
1022,Helena Bergström
1023,Henrik Martin Dahlsbakken
1024,Henry Hobson
1025,Henry Selick
1026,Herbert Ross
1027,Hernan Jimenez
1028,Hernán Belón
1029,Hernán Zin
1030,Hideaki Ôba
1031,Hideo Nakata
1032,Hikari
1033,Hilde Van Mieghem
1034,Hinde Boujemaa
1035,Hiroki Yamaguchi
1036,Hiromasa Yonebayashi
1037,Hiromi Kamata
1038,Hiroyasu Aoki
1039,Hiroyuki Morita
1040,Hiroyuki Seshita
1041,Hisham Abed
1042,Honey Trehan
1043,Hong Khaou
1044,Hong-seon Kim
1045,Houda Benyamina
1046,Houssam El-Din Mustafa
1047,Hsin-yao Huang
1048,Hua-Tao Teng
1049,Hugo Gélin
1050,Hugo Stuven
1051,Humberto Hinojosa Ozcariz
1052,Hunter Adams
1053,Husam El-Gohari
1054,Hyeong-Cheol Kang
1055,Hyuk Byun
1056,Hyun Joo Song
1057,Hyun-Sung Moon
1058,Hèctor Hernández Vicens
1059,Hüseyin Tabak
1060,Ian Brennan
1061,Ian Cheney
1062,Ian Edelman
1063,Ian Harris
1064,Ian MacNaughton
1065,Ian Samoil
1066,Ian Samuels
1067,Iginio Straffi
1068,Igor Cobileanski
1069,Igor Gotesman
1070,Il Cho
1071,Ildikó Enyedi
1072,Imtiaz Ali
1073,Indi Wijay
1074,Indra Gunawan
1075,Ineke Houtman
1076,Ingrid Kvale
1077,Ingvild Søderlind
1078,Inma Torrente
1079,Iren Brown
1080,Ireneusz Dobrowolski
1081,Irving Pichel
1082,Isaac Ezban
1083,Isaac Rentz
1084,Isabel Coixet
1085,Isabel Valiante
1086,Isao Takahata
1087,Isao Yukisada
1088,Ishaan Trivedi
1089,Ishaya Bako
1090,Ishi Rudell
1091,Ismail Farouk
1092,Isold Uggadottir
1093,Israel Adrián Caetano
1094,Iulia Rugina
1095,Ivan Ayr
1096,Ivan Hurzeler
1097,Ivan Silvestrini
1098,Ivona Juka
1099,Izu Ojukwu
1100,Iñaki Dorronsoro
1101,Iñaki Mercero
1102,Iñaki Peñafiel
1103,J Blakeson
1104,J. Craig Thompson
1105,J. Davis
1106,J. Michael Long
1107,J.A. Bayona
1108,J.B. Rogers
1109,J.C. Chandor
1110,J.C. Falcón
1111,J.C. Khoury
1112,J.E. Tiglao
1113,J.J. Perry
1114,J.W. Myers
1115,Jack Arnold
1116,Jack Clayton
1117,Jack Gold
1118,Jack Webb
1119,Jacob LaMendola
1120,Jacques Audiard
1121,Jadesola Osiberu
1122,Jae-hyun Jang
1123,Jake Gavin
1124,Jake Kasdan
1125,Jake Schreier
1126,Jake Szymanski
1127,Jake Wade Wall
1128,Jake Witzenfeld
1129,Jakob Lass
1130,Jakub Piatek
1131,Jalil Lespert
1132,Jalmari Helander
1133,Jamal Hill
1134,Jamel Aattache
1135,James Bobin
1136,James Bowman
1137,James Brolin
1138,James D. Scurlock
1139,James DeWille
1140,James Gray
1141,James Marsh
1142,James McTeigue
1143,James Pillion
1144,James Spione
1145,James Tovell
1146,James Wan
1147,James Yang
1148,Jamie Babbit
1149,Jamie Childs
1150,Jamie M. Dagg
1151,Jamie Travis
1152,Jan Belcl
1153,Jan Komasa
1154,Jane Campion
1155,Janet Mock
1156,Jannik Johansen
1157,Jarand Herdal
1158,Jared Cohn
1159,Jared Leto
1160,Jared Stern
1161,Jarrett Lee Conaway
1162,Jasbir Bijender Bhati
1163,Jasmine D'Souza
1164,Jason Bourque
1165,Jason Cabell
1166,Jason Connery
1167,Jason Loveland
1168,Jason Orley
1169,Jason Rothenberg
1170,Jason Winer
1171,Jason Wise
1172,Jason Zeldes
1173,Jatuphong Rungrueangdechaphat
1174,Jaume Balagueró
1175,Jaume Collet-Serra
1176,Javier Colinas
1177,Javier Quintas
1178,Javier Ruiz Caldera
1179,Jay Bulger
1180,Jay Chapman
1181,Jay Karas
1182,Jay Oliva
1183,Jayan Moodley
1184,Jayaprakash Radhakrishnan
1185,Jean Luc Herbulot
1186,Jean-Bernard Marlin
1187,Jean-Pierre Jeunet
1188,Jean-Simon Chartier
1189,Jean-Stéphane Sauvaire
1190,Jeannie Gaffigan
1191,Jeannot Szwarc
1192,Jee-woon Kim
1193,Jeethu Joseph
1194,Jeff Baena
1195,Jeff Bleckner
1196,Jeff Byrd
1197,Jeff Chan
1198,Jeff Garlin
1199,Jeff Hare
1200,Jeff Melman
1201,Jeff Orlowski
1202,Jeff Schaffer
1203,Jeff Tremaine
1204,Jeff Wadlow
1205,Jeffrey Blitz
1206,Jeffrey G. Hunt
1207,Jeffrey W. Byrd
1208,Jeffrey Walker
1209,Jehane Noujaim
1210,Jelle de Jonge
1211,Jen Bennett
1212,Jen McGowan
1213,Jennifer Celotta
1214,Jennifer Getzinger
1215,Jennifer Kaytin Robinson
1216,Jennifer Lynch
1217,Jennifer Morrison
1218,Jennifer Phang
1219,Jennifer Siebel Newsom
1220,Jennifer Yuh Nelson
1221,Jenny Popplewell
1222,Jens Jonsson
1223,Jeong-beom Lee
1224,Jeremiah Hundley
1225,Jeremiah Jones
1226,Jeremiah Zagar
1227,Jeremy Grant
1228,Jeremy Haft
1229,Jeremy LaLonde
1230,Jeremy M. Inman
1231,Jeremy Podeswa
1232,Jeremy Power Regimbal
1233,Jeremy Rush
1234,Jeremy Saulnier
1235,Jeremy Seifert
1236,Jeremy Snead
1237,Jeremy Webb
1238,Jerrold Tarog
1239,Jesper Andersson
1240,Jesper Ganslandt
1241,Jesper W. Nielsen
1242,Jesse Baget
1243,Jesse Gustafson
1244,Jesse Moss
1245,Jesse Peretz
1246,Jesse V. Johnson
1247,Jesse Warn
1248,Jessica Dimmock
1249,Jessica Harmon
1250,Jessica Yu
1251,Jessika Borsiczky
1252,Jessy Terrero
1253,Jesús Colmenar
1254,Jet Wilkinson
1255,Jeymes Samuel
1256,Ji Zhao
1257,Ji-woo Jung
1258,Jim Field Smith
1259,Jim Fogarty
1260,Jim Gillespie
1261,Jim Goldblum
1262,Jim Hanon
1263,Jim Lindsay
1264,Jim Mickle
1265,Jim Sheridan
1266,Jim Strouse
1267,Jin-gyu Cho
1268,Jin-sung Choi
1269,Jingming Guo
1270,Jo Harvey
1271,Joachim Hedén
1272,Joachim Trier
1273,Joanna Kerns
1274,Joaquim Dos Santos
1275,Joaquín Mazón
1276,Jocelyn Moorhouse
1277,Jody Hill
1278,Jody Margolin Hahn
1279,Joe Berlinger
1280,Joe Carnahan
1281,Joe Fria
1282,Joe Johnston
1283,Joe Lynch
1284,Joe Mantello
1285,Joe Pearson
1286,Joe Penna
1287,Joe Robert Cole
1288,Joe Swanberg
1289,Joe Valenti
1290,Joe Wright
1291,Joel Allen Schroeder
1292,Joel Kazuo Knoernschild
1293,Joel Schumacher
1294,Joey Kern
1295,Joey So
1296,Johan Nijenhuis
1297,Johan Renck
1298,Johane Matte
1299,Johanna Demetrakas
1300,John Andreas Andersen
1301,John Block
1302,John Carchietta
1303,John Carney
1304,John Crowley
1305,John Curran
1306,John Dahl
1307,John Duigan
1308,John Edginton
1309,John Fortenberry
1310,John Gray
1311,John Herzfeld
1312,John Hillcoat
1313,John Holiday
1314,John Hyams
1315,John Keith Wasson
1316,John L. Spencer
1317,John Landis
1318,John Lee
1319,John Lee Hancock
1320,John Luessenhop
1321,John Madden
1322,John Milton Branton
1323,John Moore
1324,John P. Aguirre
1325,John Pogue
1326,John R. Leonetti
1327,John Rester Zodrow
1328,John Ridley
1329,John Schultz
1330,John Stewart Muller
1331,John Sturges
1332,John Suits
1333,John Wells
1334,John Whitesell
1335,John Woo
1336,Johnny Allan
1337,Johnny Barbuzano
1338,Johny Antony
1339,Joko Anwar
1340,Jon Clay
1341,Jon Greenhalgh
1342,Jon Izen
1343,Jon Karthaus
1344,Jon M. Chu
1345,Jon Pretnar
1346,Jon Richards
1347,Jon Watts
1348,Jonas Pate
1349,Jonas Åkerlund
1350,Jonathan A. Rosenbaum
1351,Jonathan Demme
1352,Jonathan Elbers
1353,Jonathan Entwistle
1354,Jonathan Helpert
1355,Jonathan Hensleigh
1356,Jonathan Jones
1357,Jonathan Judge
1358,Jonathan Levine
1359,Jonathan Sheldon
1360,Jong-woo Park
1361,Jonás Trueba
1362,Joon-Sung Kim
1363,Joram Lürsen
1364,Jordan Brady
1365,Jordan Galland
1366,Jordan Vogt-Roberts
1367,Jorge Hernandez Aldana
1368,Jorge Hinojosa
1369,Jorge M. Fontana
1370,Jorge Michel Grau
1371,Jorge Torregrossa
1372,Jose Gomez
1373,Jose Manuel Colón Armario
1374,Josefine Kirkeskov
1375,Joseph Carolei
1376,Joseph Chen-Chieh Hsu
1377,Joseph Garner
1378,Joseph H. Lewis
1379,Joseph John Barmettler
1380,Joseph Kosinski
1381,Joseph P. Genier
1382,Joseph Sherman
1383,Josephine Decker
1384,Josh Greenbaum
1385,Josh Heald
1386,Josh Mepham
1387,Josh Oreck
1388,Joshua Marston
1389,Joshua Zeman
1390,Joshua Zimmerman
1391,Joss Agnew
1392,José Manuel Cravioto
1393,José Pepe Bojórquez
1394,Jota Linares
1395,Jovan Taylor
1396,Jovanka Vuckovic
1397,Joyce Wong
1398,Juan Antin
1399,Juan Antonio de la Riva
1400,Juan Camilo Pinzon
1401,Juan Carlos Rulfo
1402,Juan Felipe Cano
1403,Juan José Campanella
1404,Juan Minujín
1405,Juana Macías
1406,Judd Apatow
1407,Jude Okwudiafor Johnson
1408,Jude Weng
1409,Judy Irving
1410,Juel Taylor
1411,Julia von Heinz
1412,Julie Anne Robinson
1413,Julie Davis
1414,Julie Delpy
1415,Julien Abraham
1416,Julien Hollande
1417,Julien Leclercq
1418,Julien Seri
1419,Julio Hernández Cordón
1420,Julio Medem
1421,Julio Quintana
1422,Julius Amedume
1423,Julius Onah
1424,Julius R. Nasso
1425,Julián Hernández
1426,July Hygreck
1427,Jun-hee Han
1428,Junior Marques
1429,Jussi Hiltunen
1430,Just Philippot
1431,Justin Edgar
1432,Justin G. Dyck
1433,Justin Kelly
1434,Justin Krook
1435,Justin Kurzel
1436,Justin Le Pera
1437,Justin Steele
1438,Justin Tipping
1439,Juuso Syrjä
1440,János Edelényi
1441,Jérémy Clapin
1442,Júlia Pacheco Jordão
1443,K Rajagopal
1444,Kaare Andrews
1445,Kaashvi Nair
1446,Kabir Akhtar
1447,Kabir Bhatia
1448,Kae-Byeok Lee
1449,Kagiso Lediga
1450,Kaila York
1451,Kalina Alabrudzinska
1452,Kalvin Lee
1453,Kam-Keung Chan
1454,Kaouther Ben Hania
1455,Karan Anshuman
1456,Karim Aïnouz
1457,Karl Mueller
1458,Karla Braun
1459,Karthik Subbaraj
1460,Karyn Kusama
1461,Kaspar Munk
1462,Kasper Barfoed
1463,Kasper Collin
1464,Kasper Gaardsøe
1465,Katarina Launing
1466,Kate Melville
1467,Katherine Dieckmann
1468,Katherine Fairfax Wright
1469,Katina Medina Mora
1470,Katrine Philp
1471,Katt Shea
1472,Kazarr
1473,Kazuki Kaneshiro
1474,Kazuya Murata
1475,Keishi Ohtomo
1476,Keith Gordon
1477,Keith Holland
1478,Kelly Asbury
1479,Kelly Duane
1480,Kelly Park
1481,Ken Kushner
1482,Ken Whittingham
1483,Ken'ichi Takeshita
1484,Kennedy Goldsby
1485,Kenneth Cran
1486,Kenneth Gyang
1487,Kenneth Kainz
1488,Kenneth R. Close
1489,Kenny Leon
1490,Kenny Ortega
1491,Kenny Young
1492,Kenyon Grey
1493,Keoni Waxman
1494,Kepa Sojo
1495,Ketche
1496,Kevin Alejandro
1497,Kevin Derek
1498,Kevin Johnson
1499,Kevin Macdonald
1500,Kevin Phillips
1501,Khalid Marie
1502,Kheiron
1503,Khoa Le
1504,Kief Davidson
1505,Kieran Galvin
1506,Kike Maíllo
1507,Kim Farrant
1508,Kim Nguyen
1509,Kim Tae-hyung
1510,Kimble Rendall
1511,Kimmy Gatewood
1512,Kimo Stamboel
1513,King Vidor
1514,Kirby Dick
1515,Kirsten Johnson
1516,Kitao Sakurai
1517,Kitty Green
1518,Kivanç Baruönü
1519,Kjell Sundvall
1520,Klay Hall
1521,Koldo Serra
1522,Komgrit Triwimol
1523,Kongkiat Khomsiri
1524,Kornél Mundruczó
1525,Krishna Vamsi
1526,Kristen Bell
1527,Kristian Mercado
1528,Kristin Hanggi
1529,Kristin Lehman
1530,Kriv Stenders
1531,Krysia Plonka
1532,Kuang-Hui Liu
1533,Kunihiko Yuyama
1534,Kunle Afolayan
1535,Kurt Engfehr
1536,Kwabena Gyansah
1537,Kwak Jung-Hwan
1538,Kwang Il Han
1539,Kwang-Hyun Park
1540,Kwang-kyo Jin
1541,Kyle Henry
1542,Kyle Newacheck
1543,Kyohei Ishiguro
1544,Kyoko Miyake
1545,Kyzza Terrazas
1546,LP
1547,Ladislas Chollat
1548,Ladislaus Kiraly
1549,Lana Wilson
1550,Lance Bangs
1551,Lance Daly
1552,Lance Kawas
1553,Lance W. Dreesen
1554,Lancelot Oduwa Imasuen
1555,Lang Fisher
1556,Larry Charles
1557,Larry Clark
1558,Larry Jacobs
1559,Lars Damoiseaux
1560,Lars Klevberg
1561,Lars Montag
1562,Lasja Fauzia
1563,Lasse Hallström
1564,Lasse Åberg
1565,Laura Brownson
1566,Laura Mañá
1567,Laura Somers
1568,Laura Terruso
1569,Lauren Andrews
1570,Lauren Iungerich
1571,Lauren MacMullan
1572,Lauren Miller Rogen
1573,Lauren Morelli
1574,Lauren Wolkstein
1575,Lauro David Chartrand-DelValle
1576,Le-Van Kiet
1577,Leah Sturgis
1578,Leandro Neri
1579,Lee Fulkerson
1580,Lee Sholem
1581,Lee Thongkham
1582,Lee Toland Krieger
1583,Leena Yadav
1584,Leigh Janiak
1585,Leila Djansi
1586,Len Wiseman
1587,Lena Khan
1588,Lena Koppel
1589,Lennart Ruff
1590,Leo McCrea
1591,Leo Riley
1592,Leonard R. Garner Jr.
1593,Lesean Thomas
1594,Leslee Udwin
1595,Leslie H. Martinson
1596,Leslie Hope
1597,Leslie Iwerks
1598,Leslie Kolins Small
1599,Leslie Small
1600,Leszek Dawid
1601,Letizia Lamartire
1602,Lev L. Spiro
1603,Levan Tsikurishvili
1604,León Siminiani
1605,Liam Gavin
1606,Liam Lynch
1607,Lianne Hughes
1608,Lila Neugebauer
1609,Lilibet Foster
1610,Lin Oeding
1611,Lin-Manuel Miranda
1612,Linda Bloodworth-Thomason
1613,Linda Mendoza
1614,Lindsey Morgan
1615,Lino Escalera
1616,Lisa Bryant
1617,Lisa France
1618,Lisa James Larsson
1619,Lisa Kors
1620,Lisa Krueger
1621,Lisa Leone
1622,Liz Garbus
1623,Liza Johnson
1624,Lluís Quílez
1625,Lluís Segura
1626,Lodewijk Crijns
1627,Lone Scherfig
1628,Lorena Muñoz
1629,Louis C.K.
1630,Louis J. Horvitz
1631,Louis Leterrier
1632,Louise Hooper
1633,Love Lee
1634,Luc Besson
1635,Luciano Manuzzi
1636,Lucio A. Rojas
1637,Lucius C. Kuert
1638,Lucky Kuswandi
1639,Lucy Cohen
1640,Lucy Forbes
1641,Lucy Walker
1642,Ludovic Bernard
1643,Ludovica Lirosi
1644,Ludovico Di Martino
1645,Luis Estrada
1646,Luis Ismael
1647,Luis Javier Henaine
1648,Luis Lopez
1649,Luis Prieto
1650,Luis Pérez García
1651,Lukas Dhont
1652,Lukasz Kacprowicz
1653,Lukasz Kosmicki
1654,Luke Snellin
1655,Luv Ranjan
1656,Lynn Shelton
1657,Lô Politi
1658,M.D. Selig
1659,M.J. Bassett
1660,Mac Kenny
1661,Macon Blair
1662,Madeleine Gavin
1663,Madhur Bhandarkar
1664,Madonne Ashwin
1665,Mads Matthiesen
1666,Magdi El-Hawari
1667,Maggie Carey
1668,Magnus Martens
1669,Mahesh Bhatt
1670,Mahesh Manjrekar
1671,Mahmood Karim
1672,Mahsun Kirmizigül
1673,Maite Ruiz de Austri
1674,Majid Al Ansari
1675,Makoto Shinkai
1676,Malgorzata Imielska
1677,Malik Bader
1678,Malik Nejer
1679,Malik Vitthal
1680,Mamoru Hosoda
1681,Mamoru Oshii
1682,Mana Yasuda
1683,Mandla Dube
1684,Mandy Clotworthy
1685,Manish Tiwary
1686,Manjari Makijany
1687,Manolo Caro
1688,Manop Janjarasskul
1689,Manuel Gómez Pereira
1690,Manuel Martín Cuenca
1691,Mar Targarona
1692,Marc Fouchard
1693,Marc Jobst
1694,Marc Meyers
1695,Marc Vigil
1696,Marc Waltman
1697,Marcel Barrena
1698,Marcela Said
1699,Marcelo Galvão
1700,Marcelo Páez Cubells
1701,Marcin Wasilewski
1702,Marcio Garcia
1703,Marco A. Castillo
1704,Marco Bonfanti
1705,Marco Dutra
1706,Marco Pontecorvo
1707,Marco Ponti
1708,Marco Risi
1709,Marco Simon Puccioni
1710,Marcos Bucay
1711,Marcos Carnevale
1712,Marcos Siega
1713,Marcus A. Clarke
1714,Marcus Baldini
1715,Marcus Dunstan
1716,Marcus Graves
1717,Marcus Nispel
1718,Marcus Raboy
1719,Marcus Stokes
1720,Mardana M. Mayginnes
1721,Marek Losey
1722,Margaret Brown
1723,Margherita Ferri
1724,Maria Jose Cuevas
1725,Maria Ripoll
1726,Maria Schrader
1727,Mariano Dawidson
1728,Marie Monge
1729,Marina Rice Bader
1730,Marina Willer
1731,Mario Diaz
1732,Marisol Adler
1733,Marita Grabiak
1734,Marja-Lewis Ryan
1735,Mark A. Burley
1736,Mark Cartier
1737,Mark Cendrowski
1738,Mark Chow
1739,Mark Dindal
1740,Mark Harris
1741,Mark Levinson
1742,Mark Lewis
1743,Mark Monheim
1744,Mark Mori
1745,Mark Myers
1746,Mark O'Connor
1747,Mark Osborne
1748,Mark Raso
1749,Mark Ritchie
1750,Mark Robert Ellis
1751,Mark Robson
1752,Mark Rosman
1753,Mark Sheppard
1754,Mark Steven Johnson
1755,Mark Verkerk
1756,Mark Waters
1757,Mark Williams
1758,Marko Mäkilaakso
1759,Marla Ancheta
1760,Marlene Guerin
1761,Marlene Melchior
1762,Marti Noxon
1763,Martijn Heijne
1764,Martin Koolhoven
1765,Martin Owen
1766,Martin Prakkat
1767,Martin Scorsese
1768,Martin Webb
1769,Martin Wood
1770,Martin Zandvliet
1771,Martina Hache
1772,Marty Sader
1773,Martín Hodara
1774,Martín Rosete
1775,Martín Sastre
1776,Marvin Kren
1777,Mary Harron
1778,Mary Lambert
1779,Mary Lou Belli
1780,Marçal Forés
1781,Masaaki Yuasa
1782,Masafumi Yamada
1783,Masao Ôkubo
1784,Massimiliano Camaiti
1785,Massimo Venier
1786,Mateo Gil
1787,Mateo Willis
1788,Matheus Souza
1789,Mathias Herndl
1790,Mathieu Demy
1791,Mati Diop
1792,Matias Mariani
1793,Matt Ahrens
1794,Matt Askem
1795,Matt Bell
1796,Matt Charman
1797,Matt D'Avella
1798,Matt D'Elia
1799,Matt Danner
1800,Matt Earl Beesley
1801,Matt Johnson
1802,Matt Kay
1803,Matt Kugelman
1804,Matt Palmer
1805,Matt Smiley
1806,Matt Sobel
1807,Matt Thompson
1808,Matt Wechsler
1809,Matthew Coppola
1810,Matthew Killip
1811,Matthew Lauyer
1812,Matthew Michael Carnahan
1813,Matthew Parcher
1814,Matthew Reilly
1815,Matthew Shoychet
1816,Matthew Warchus
1817,Matthias Schweighöfer
1818,Matthias Temmermans
1819,Matthijs van Heijningen Jr.
1820,Matti Geschonneck
1821,Matías Bize
1822,Matías Gueilburt
1823,Mauricio Brunetti
1824,Mauricio Eça
1825,Maurizio Zaccaro
1826,Mauro Scandolari
1827,Max Adams
1828,Max Croci
1829,Max Hechtman
1830,Max Landis
1831,Max Makowski
1832,Max McGuire
1833,Maximilian Erlenwein
1834,Maya Forbes
1835,Maïmouna Doucouré
1836,Maïwenn
1837,McG
1838,Meat Dept
1839,Megan Griffiths
1840,Megha Ramaswamy
1841,Mehmet Ada Öztekin
1842,Mel Stuart
1843,Melanie Mayron
1844,Melissa Benoist
1845,Melissa Joan Hart
1846,Menhaj Huda
1847,Menno Meyjes
1848,Micah Gunnell
1849,Micah Smith
1850,Michael A. Allowitz
1851,Michael Barnett
1852,Michael Barrett
1853,Michael Baumgarten
1854,Michael Bay
1855,Michael Blieden
1856,Michael Bonfiglio
1857,Michael Brandt
1858,Michael Burke
1859,Michael Cliett
1860,Michael Cuesta
1861,Michael Dante DiMartino
1862,Michael Dowse
1863,Michael Drumm
1864,Michael Duggan
1865,Michael Feifer
1866,Michael Field
1867,Michael Fimognari
1868,Michael Goi
1869,Michael Hoffman
1870,Michael Hurst
1871,Michael J. Gallagher
1872,Michael James Regan
1873,Michael Kristoff
1874,Michael Larnell
1875,Michael Lockshin
1876,Michael M. Scott
1877,Michael Mann
1878,Michael Margolis
1879,Michael Matthews
1880,Michael Mayer
1881,Michael McKay
1882,Michael Nankin
1883,Michael Paul Stephenson
1884,Michael Polish
1885,Michael Rossato-Bennett
1886,Michael Sandager
1887,Michael Schmidt
1888,Michael Schultz
1889,Michael Schur
1890,Michael Showalter
1891,Michael Simon
1892,Michael Sparaga
1893,Michael Steiner
1894,Michael Sucsy
1895,Michael Tiddes
1896,Michael Tierney
1897,Michael Tolajian
1898,Michael Uppendahl
1899,Michael Weaver
1900,Michal Sledzinski
1901,Michal Szczesniak
1902,Michele Placido
1903,Michele Soavi
1904,Michelle Esrick
1905,Michelle Johnston
1906,Michelle Schumacher
1907,Michihito Fujii
1908,Michèle Hozer
1909,Michèle Ohayon
1910,Miguel Alcantud
1911,Miguel Alexandre
1912,Miguel Arteta
1913,Miguel Cohan
1914,Miguel Ángel Lamata
1915,Miguel Ángel Vivas
1916,Mijke de Jong
1917,Mikael Håfström
1918,Mike Barker
1919,Mike Clattenburg
1920,Mike Disa
1921,Mike Doyle
1922,Mike Flanagan
1923,Mike Fleiss
1924,Mike Gunther
1925,Mike Mendez
1926,Mike Newell
1927,Mike Nichols
1928,Mike Rohl
1929,Mikhail Red
1930,Mikhil Musale
1931,Mikkel Serup
1932,Milind Rau
1933,Millicent Shelton
1934,Min-ho Woo
1935,Ming Jin Woo
1936,Mir-Jean Bou Chaaya
1937,Mira Nair
1938,Mitch Schultz
1939,Mogens Hagedorn
1940,Mohamed Hamdy
1941,Mohamed Hossameldin
1942,Mohammed Hussain
1943,Mohammed Moustafa
1944,Mohit Suri
1945,Mollie Helms
1946,Mong-Hong Chung
1947,Monica Floyd
1948,Monika Jordan-Mlodzianowska
1949,Monika Mitchell
1950,Monique Gardenberg
1951,Monty Tiwa
1952,Morgan Neville
1953,Morgan Sackett
1954,Morgan Spurlock
1955,Moses Inwang
1956,Mu Chu
1957,Munish Bhardwaj
1958,Mustafa Kazan
1959,Myriam Aziza
1960,Mädchen Amick
1961,Måns Månsson
1962,Mårten Klingberg
1963,N.D. Wilson
1964,N.S. Raj Bharath
1965,Nabeel Qureshi
1966,Nabil Ayouch
1967,Nadia Hallgren
1968,Nahnatchka Khan
1969,Nai-Hoi Yau
1970,Nailah Wright
1971,Namron
1972,Nancy Leopardi
1973,Nancy Meyers
1974,Nancy Schwartzman
1975,Naoyuki Tomomatsu
1976,Narendra Nath
1977,Naseef Yusuf Izuddin
1978,Natalia Anderson
1979,Natasha Lyonne
1980,Nathan Hope
1981,Nathan Wiley
1982,Navot Papushado
1983,Nawapol Thamrongrattanarit
1984,Neal Brennan
1985,Neasa Hardiman
1986,Neema Barnette
1987,Neeraj Udhwani
1988,Neil Coombs
1989,Neil Drumming
1990,Neil J. Wilkinson
1991,Nely Reguera
1992,Nic Mathieu
1993,Nicholas D. Wrathall
1994,Nicholas DiBella
1995,Nicholas Jarecki
1996,Nicholas Kharkongor
1997,Nicholas McCarthy
1998,Nicholas Zeig-Owens
1999,Nick Antosca
2000,Nick Broomfield
2001,Nick Gomez
2002,Nick Hamm
2003,Nick Murray
2004,Nick Mutuma
2005,Nick Sandow
2006,Nick Sumida
2007,Nick Tomnay
2008,Nicolae Constantin Tanase
2009,Nicolai Rohde
2010,Nicolas Boukhrief
2011,Nicole Conn
2012,Nicole Holofcener
2013,Nicole van Kilsdonk
2014,Nicolás López
2015,Niels Arden Oplev
2016,Niels Nielsen
2017,Nihat Durak
2018,Nikhil Bhat
2019,Nirpal Bhogal
2020,Nisha Ganatra
2021,Nisha Pahuja
2022,Nishikant Kamat
2023,Niyi Akinmolayan
2024,Noah Baumbach
2025,Noam Murro
2026,Noboru Iguchi
2027,Nora Fingscheidt
2028,Nora Twomey
2029,Norberto López Amado
2030,Noriyuki Abe
2031,Norma Bailey
2032,Nosipho Dumisa
2033,Noviandra Santosa
2034,Noël Wells
2035,Numa Perrier
2036,Nzingha Stewart
2037,Oded Raz
2038,Olaf de Fleur Johannesson
2039,Ole Endresen
2040,Oleg Trofim
2041,Oliver Bokelberg
2042,Oliver Driver
2043,Oliver Hockenhull
2044,Oliver Kienle
2045,Oliver Schmitz
2046,Olivia Milch
2047,Olivia Newman
2048,Olivia Wilde
2049,Olivier Abbou
2050,Olivier Afonso
2051,Olivier Assayas
2052,Olivier Loustau
2053,Olivier Marchal
2054,Olivier Megaton
2055,Omoni Oboli
2056,Onur Tukel
2057,Oren Uziel
2058,Oriol Paulo
2059,Orlando von Einsiedel
2060,Orson Welles
2061,Otilia Portillo Padua
2062,Otoja Abit
2063,Owen Egerton
2064,Owen Trevor
2065,Oz Perkins
2066,Oz Rodriguez
2067,Oz Scott
2068,Ozan Açiktan
2069,Ozgur Onurme
2070,P.J. Pesce
2071,P.T. Kunju Muhammad
2072,Pablo Agüero
2073,Pablo Aragüés
2074,Pablo D'Alo Abba
2075,Pablo Giorgelli
2076,Pablo Gonzalez
2077,Pablo Parés
2078,Paco Aguilar
2079,Paco Caballero
2080,Paco Plaza
2081,Pailin Wedel
2082,Pairach Khumwan
2083,Pamela Fryman
2084,Pamela Romanowsky
2085,Pan Nalin
2086,Paola Randi
2087,Paolo Genovese
2088,Paolo Sorrentino
2089,Paris Dylan
2090,Park Bum-Soo
2091,Park Hoon-jung
2092,Parrish Smith
2093,Partho Sen-Gupta
2094,Pascal Amanfo
2095,Pascal Verschooris
2096,Pat Healy
2097,Patric McInnis
2098,Patrice Laliberté
2099,Patricia Ferreira
2100,Patricia Font
2101,Patricia Rozema
2102,Patricio Valladares
2103,Patrick Brice
2104,Patrick Hughes
2105,Patryk Vega
2106,Paul Becker
2107,Paul Dugdale
2108,Paul Feig
2109,Paul Fox
2110,Paul Greengrass
2111,Paul Haggis
2112,Paul King
2113,Paul McGuigan
2114,Paul Miller
2115,Paul Negoescu
2116,Paul Solet
2117,Paul Spurrier
2118,Paul Tanter
2119,Paul Thomas Anderson
2120,Paul Urkijo Alijo
2121,Paul Verhoeven
2122,Paul W.S. Anderson
2123,Paul Weitz
2124,Paul Wilmshurst
2125,Paula van der Oest
2126,Pavel Khvaleev
2127,Pawan Kripalani
2128,Pawan Kumar
2129,Paween Purijitpanya
2130,Pedring Lopez
2131,Pedro Antônio Paes
2132,Pedro Flores Maldonado
2133,Per-Olav Sørensen
2134,Pernilla August
2135,Perry Lang
2136,Pete Travis
2137,Peter Berg
2138,Peter Bishai
2139,Peter Chelsom
2140,Peter Collinson
2141,Peter DeLuise
2142,Peter Fison
2143,Peter Flinth
2144,Peter Howitt
2145,Peter Hutchings
2146,Peter Hyams
2147,Peter Jackson
2148,Peter Joseph
2149,Peter Landesman
2150,Peter Lepeniotis
2151,Peter Lindmark
2152,Peter Mackenzie
2153,Peter Merryman
2154,Peter Orton
2155,Peter Sollett
2156,Peter Sullivan
2157,Peter Thorwarth
2158,Peter Webber
2159,Peter Weir
2160,Peter Winther
2161,Petra Costa
2162,Phil Allora
2163,Phil Joanou
2164,Phil Volken
2165,Philip Koch
2166,Philip Marlatt
2167,Philip Sternberg
2168,Philipp Eichholtz
2169,Philipp Kadelbach
2170,Philippe de Chauveron
2171,Phill Lewis
2172,Phillip Guzman
2173,Pia Sukanya
2174,Piero Vivarelli
2175,Pierre Coré
2176,Pierre Morel
2177,Pieter Kuijpers
2178,Pieter Van Hees
2179,Pieter Verhoeff
2180,Pietra Brettkelly
2181,Pim van Hoeve
2182,Piotr Domalewski
2183,Plastico
2184,Po-Chih Leong
2185,Poj Arnon
2186,Prabhakaran
2187,Prachya Pinkaew
2188,Pradeep Verma
2189,Prakash Mehra
2190,Prakash Satam
2191,Pratim D. Gupta
2192,Praveen Kandregula
2193,Prentice Penny
2194,Pritan Ambroase
2195,Priyadarshan
2196,Pulkit
2197,Puneet Khanna
2198,Pupi Avati
2199,Pushpendra Nath Misra
2200,Q. Allan Brocka
2201,Qaushiq Mukherjee
2202,Quentin Tarantino
2203,Qunshu Gao
2204,Quyen Tran
2205,R. Christian Anderson
2206,R. Ellis Frazier
2207,RC Delos Reyes
2208,Raam Reddy
2209,Rachel Goldberg
2210,Rachel Lears
2211,Rachel Mason
2212,Rachel Talalay
2213,Radha Blank
2214,Raditya Dika
2215,Radium Cheung
2216,Ragnar Hyltén-Cavallius
2217,Raihan Muhimtule
2218,Raj Amit Kumar
2219,Raj Singh Chaudhary
2220,Raj Thiruselvan
2221,Rakeysh Omprakash Mehra
2222,Rako Prijanto
2223,Ram Madhvani
2224,Ramin Bahrani
2225,Ramiro Tenorio
2226,Ramon Térmens
2227,Ramsey Nouah
2228,Ramón Salazar
2229,Randal Kleiser
2230,Randall Lobb
2231,Rano Karno
2232,Ravikanth Perepu
2233,Rawson Marshall Thurber
2234,Rayka Zehtabchi
2235,Raúl Arévalo
2236,Rebecca Asher
2237,Rebecca Hall
2238,Rebecca Rodriguez
2239,Rebecca Zlotowski
2240,Reginald Hudlin
2241,Reinhard Klooss
2242,Reinout Oerlemans
2243,Remi Weekes
2244,Renato De Maria
2245,Renato Siqueira
2246,Rene Liu
2247,Renny Harlin
2248,Renuka Jeyapalan
2249,Renuka Shahane
2250,Renzil D'Silva
2251,René Sampaio
2252,Rhiannon Bannenberg
2253,Rhys Thomas
2254,Rian Johnson
2255,Ribhu Dasgupta
2256,Ric Roman Waugh
2257,Ricardo Trogi
2258,Riccardo Donna
2259,Riccardo Milani
2260,Riccardo Paoletti
2261,Riccardo Pellizzeri
2262,Richard Berry
2263,Richard Correll
2264,Richard Holm
2265,Richard Lehrer
2266,Richard Linklater
2267,Richard Meech
2268,Richard Rich
2269,Richard Robbins
2270,Richard Salazar
2271,Richard Sears
2272,Richard Shepard
2273,Richard Speight Jr.
2274,Richard Terry
2275,Richard Trank
2276,Richard Weston
2277,Richie Smyth
2278,Rick Jacobson
2279,Rick Pamplin
2280,Ricky Gervais
2281,Ricky Staub
2282,Riri Riza
2283,Ritesh Batra
2284,Rizal Mantovani
2285,Rizki Balki
2286,Rob Burnett
2287,Rob Cohen
2288,Rob Lücker
2289,Rob Meyer
2290,Rob Reiner
2291,Rob Zombie
2292,Robbie Countryman
2293,Robert Budreau
2294,Robert Cohen
2295,Robert Eagar
2296,Robert Heath
2297,Robert Jaszczurowski
2298,Robert Kiviat
2299,Robert Lieberman
2300,Robert Luketic
2301,Robert M. Wise
2302,Robert Mulligan
2303,Robert Radler
2304,Robert Rodriguez
2305,Robert Schwartzman
2306,Robert Smigel
2307,Robert Stevenson
2308,Robert Stone
2309,Robert Townsend
2310,Robert Valley
2311,Robert Vince
2312,Robert Zemeckis
2313,Roberto Berliner
2314,Roberto Capucci
2315,Roberto Fiesco
2316,Roberto Santucci
2317,Robin Aubert
2318,Robin Bissell
2319,Robin Blazak
2320,Robyn Grace
2321,Rocco Ricciardulli
2322,Rocky Soraya
2323,Rodrigo Blaas
2324,Rodrigo Cortés
2325,Rodrigo Pelmonto
2326,Rodrigo Van Der Put
2327,Roel Reiné
2328,Roger Gual
2329,Roger Kumble
2330,Rohit Jugraj
2331,Rohit Mittal
2332,Rohit Shetty
2333,Roland Emmerich
2334,Rolfe Kanefsky
2335,Romain Gavras
2336,Roman Gackowski
2337,Roman Polanski
2338,Roman White
2339,Romeo Tirone
2340,Ron Howard
2341,Ronnie Warner
2342,Ross Boyask
2343,Ross Katz
2344,Ross Kauffman
2345,Ross Venokur
2346,Ross Wilson
2347,Rotem Shamir
2348,Roxanne Benjamin
2349,Roy Campanella II
2350,Roy Hin Yeung Chow
2351,Roy Poortmans
2352,Royale Watkins
2353,Ruben Fleischer
2354,Ruchi Narain
2355,Rudolf Buitendach
2356,Rupert Goold
2357,Russ Barnes
2358,Russ Parr
2359,Russell Mulcahy
2360,Ruud Dirkse
2361,Ruud Schuurman
2362,Ryan Bellgardt
2363,Ryan Crego
2364,Ryan Ferguson
2365,Ryan Koo
2366,Ryan M. Kennedy
2367,Ryan Miningham
2368,Ryan Murphy
2369,Ryan Polito
2370,Ryan Rothmaier
2371,Ryan Shiraki
2372,Ryan Suffern
2373,Ryan White
2374,Ryon Baxter
2375,Ryuichi Hiroki
2376,Régis Blondeau
2377,S.J. Clarkson
2378,S.S. Wilson
2379,Saara Cantell
2380,Sacha Wolff
2381,Sachin Yardi
2382,Sai Kabir
2383,Salim Akil
2384,Salli Richardson-Whitfield
2385,Sally El Hosaini
2386,Salva Romero
2387,Salvador Calvo
2388,Salvador Espinosa
2389,Sam Cullman
2390,Sam Deats
2391,Sam Esmail
2392,Sam Feder
2393,Sam Hargrave
2394,Sam Hill
2395,Sam Hobkinson
2396,Sam Irvin
2397,Sam Levinson
2398,Sam Raimi
2399,Sam Rega
2400,Sam Wrench
2401,Sameer Saxena
2402,Sameh Abdulaziz
2403,Samir Rehem
2404,Samira Radsi
2405,Sammaria Simanjuntak
2406,Samu Fuentes
2407,Samuel Bodin
2408,Sanaa Hamri
2409,Sandi Tan
2410,Sang-ho Yeon
2411,Sanjay Soorkar
2412,Sanne Vogel
2413,Santhosh Viswanath
2414,Santiago Alvarado Ilarri
2415,Santiago Limón
2416,Santiago Menghini
2417,Santiago Palavecino
2418,Santiago Segura
2419,Sanzhar Sultan
2420,Sara Colangelo
2421,Sara Johnsen
2422,Sara Mast
2423,Sara St. Onge
2424,Sarah Boyd
2425,Sarah O'Gorman
2426,Sarah Spillane
2427,Sarah Walker
2428,Saratswadee Wongsomphet
2429,Sarmad Masud
2430,Sarthak Dasgupta
2431,Saul Dibb
2432,Saurab Narang
2433,Savage Steve Holland
2434,Schamyl Bauman
2435,Scott Aukerman
2436,Scott Cooper
2437,Scott Derrickson
2438,Scott Frank
2439,Scott Hamilton Kennedy
2440,Scott Hicks
2441,Scott Mann
2442,Scott Moran
2443,Scott Speer
2444,Scott Waugh
2445,Sean Baker
2446,Sean Foley
2447,Sean Olson
2448,Sean Song
2449,Sebastian Howard
2450,Sebastián Hofmann
2451,Sebastián Schindel
2452,Selvamani Selvaraj
2453,Selçuk Aydemir
2454,Senol Sönmez
2455,Seong-hun Kim
2456,Seong-soo Kim
2457,Serdar Akar
2458,Serge Ou
2459,Serge Rodnunsky
2460,Sergei Bodrov
2461,Sergio Barrejón
2462,Sermiyan Midyat
2463,Seth Gordon
2464,Seth Henrikson
2465,Seth Larney
2466,Seung Eun Kim
2467,Seung-Won Lee
2468,Sevé Schelenz
2469,Seán Ó Cualáin
2470,Shadaab Ali
2471,Shadi Ali
2472,Shakun Batra
2473,Shane Black
2474,Shane Collins
2475,Shane Meadows
2476,Shanker Raman
2477,Shannon Hartman
2478,Shannon Kohli
2479,Shantrelle P. Lewis
2480,Shara Angell
2481,Sharan Sharma
2482,Sharif Arafah
2483,Shaun Paul Piccinino
2484,Shaun Rana
2485,Shaunt Nigoghossian
2486,Shawn Arranha
2487,Shawn Baker
2488,Shawn Levy
2489,Sheldon Candis
2490,Sheldon Epps
2491,Sheree Folkson
2492,Sherif Mandour
2493,Sherwin Shilati
2494,Shih-Han Liao
2495,Shimit Amin
2496,Shin'ichi Matsumi
2497,Shinji Aramaki
2498,Shinsuke Sato
2499,Shirish Kunder
2500,Shirley Frimpong-Manso
2501,Shonali Bose
2502,Shree Narayan Singh
2503,Shô Miyake
2504,Shûkô Murase
2505,Sian Davies
2506,Sian Heder
2507,Siddique
2508,Siew Hua Yeo
2509,Silas Howard
2510,Silver Tree
2511,Simon Astier
2512,Simon Barry
2513,Simon Bennett
2514,Simon Napier-Bell
2515,Simon Otto
2516,Simon Rumley
2517,Simon Stone
2518,Simon West
2519,Sinan Akkus
2520,Sion Sono
2521,Sitisiri Mongkolsiri
2522,Skye Borgman
2523,Sneha Taurani
2524,Sngmoo Lee
2525,So Yong Kim
2526,Sofia Alvarez
2527,Sofia Coppola
2528,Soham Shah
2529,Sooni Taraporevala
2530,Sophia Nahli Allison
2531,Sophon Sakdaphisit
2532,Soumendra Padhi
2533,Spike Lee
2534,Stan Lathan
2535,Stanley Kubrick
2536,Stanley Nelson
2537,Stanton Barrett
2538,Stefan Pleszczynski
2539,Stefan Ruzowitzky
2540,Stefan Westerwelle
2541,Stefano Mordini
2542,Steffi Kammerer
2543,Stefon Bristol
2544,Stelvio Massi
2545,Steph Green
2546,Stephanie Laing
2547,Stephanie Linus
2548,Stephanie Soechtig
2549,Stephen Chiodo
2550,Stephen Cone
2551,Stephen Daldry
2552,Stephen Falk
2553,Stephen Frears
2554,Stephen Herek
2555,Stephen McKendree
2556,Stephen Polk
2557,Stephen Reynolds
2558,Stephen Scott
2559,Stephen Shimek
2560,Stephen Surjik
2561,Stephen T. Maing
2562,Stephen Williams
2563,Stephen Woolfenden
2564,Steve Amezdroz
2565,Steve Ball
2566,Steve Carr
2567,Steve Day
2568,Steve Hoover
2569,Steve James
2570,Steve Paley
2571,Steve Petersen
2572,Steve Purcell
2573,Steve Rolston
2574,Steve Saint Leger
2575,Steve Shill
2576,Steve Stark
2577,Steve Yamamoto
2578,Steven A. Adelson
2579,Steven Brill
2580,Steven C. Miller
2581,Steven K. Tsuchida
2582,Steven Knight
2583,Steven M. Smith
2584,Steven R. Monroe
2585,Steven Rumbelow
2586,Steven S. DeKnight
2587,Steven Soderbergh
2588,Steven Spielberg
2589,Steven de Jong
2590,Stewart Menelaws
2591,Stuart Hazeldine
2592,Stuart Heisler
2593,Stuart Sender
2594,Stéphane Rybojad
2595,Stéphane de Freitas
2596,Stéphanie Kaïm
2597,Su-chang Kong
2598,Sudabeh Mortezai
2599,Sudhanshu Saria
2600,Sudz Sutherland
2601,Sue Ding
2602,Sue Kim
2603,Sujoy Ghosh
2604,Sukhum Mathawanit
2605,Sung-hee Jo
2606,Sunu Gonera
2607,Susan Johnson
2608,Susanne Bier
2609,Svetlana Cvetko
2610,Swapnaneel Jaykar
2611,Syamsul Yusof
2612,Sydney Freeland
2613,Sydney Pollack
2614,Sydney Sibilia
2615,Sylvain White
2616,Sylvie Verheyde
2617,Sébastien Betbeder
2618,Sílvia Quer
2619,Søren Balle
2620,T.T. Dhavamanni
2621,Tae You Chang
2622,Tage Danielsson
2623,Taichi Ishidate
2624,Taika Waititi
2625,Takafumi Hatano
2626,Takashi Kamei
2627,Takashi Miike
2628,Takashi Shimizu
2629,Takashi Yamazaki
2630,Tamara Jenkins
2631,Tamas Yvan Topolanszky
2632,Tammi Sutton
2633,Tamra Davis
2634,Tanawat Aiemjinda
2635,Tara Nicole Weyr
2636,Tarek Abd Elmoaty
2637,Tarek Alarian
2638,Tarsem Singh
2639,Tarun Mansukhani
2640,Tasha Smith
2641,Tatsushi Ohmori
2642,Tawnia McKiernan
2643,Taylor Sheridan
2644,Tebogo Malope
2645,Ted Geoghegan
2646,Teddy Chan
2647,Teddy Soeriaatmadja
2648,Tedy Necula
2649,Tekin Girgin
2650,Teo Konuralp
2651,Terrie Samundra
2652,Terry George
2653,Terry Jones
2654,Terry Miles
2655,Tess Sweet
2656,Tessa Blake
2657,Tessa Hoffe
2658,Tessa Schram
2659,Tetsurô Araki
2660,Thadd Turner
2661,Thane Economou
2662,Thea Sharrock
2663,Theo Love
2664,Theodore Melfi
2665,Thom Kerr
2666,Thom Zimny
2667,Thomas Acda
2668,Thomas J. Churchill
2669,Thomas L. Callaway
2670,Thomas Meadmore
2671,Thomas Michael
2672,Thomas Sieben
2673,Thora Hilmarsdottir
2674,Tiago Guedes
2675,Tibor Takács
2676,Ticoy Rodriguez
2677,Tig Notaro
2678,Tikki Collins
2679,Tim Bulot
2680,Tim Burton
2681,Tim Fywell
2682,Tim Hill
2683,Tim Hunter
2684,Tim Kirkby
2685,Tim MacKenzie-Smith
2686,Tim Matheson
2687,Tim Miller
2688,Tim Robbins
2689,Tim Scanlan
2690,Tim Story
2691,Tim Van Someren
2692,Tima Shomali
2693,Timo Tjahjanto
2694,Timothy M. Snell
2695,Timothy Woodward Jr.
2696,Tina Mabry
2697,Tinge Krishnan
2698,Toa Fraser
2699,Tobi Baumann
2700,Tobias Lindholm
2701,Toby Meakins
2702,Toby Parkinson
2703,Todd Grimes
2704,Todd Strauss-Schulson
2705,Todd Verow
2706,Todor Chapkanov
2707,Toka McBaror
2708,Tolga Örnek
2709,Tom DeNucci
2710,Tom Dey
2711,Tom Hooper
2712,Tom Lass
2713,Tom Lowry
2714,Tom Marshall
2715,Tom O'Brien
2716,Tom Shankland
2717,Tom Six
2718,Tom Stern
2719,Tom Verica
2720,Tomas Alfredson
2721,Tomas Portella
2722,Tomasz Lesniak
2723,Tommy Lohmann
2724,Tommy O'Haver
2725,Tommy Wirkola
2726,Tomohiko Itô
2727,Tomomi Mochizuki
2728,Tomonori Sudô
2729,Tony Ayres
2730,Tony E. Valenzuela
2731,Tony Elliott
2732,Tony Goldwyn
2733,Tony McNamara
2734,Tony T. Datis
2735,Tope Oshin
2736,Toshiki Hirano
2737,Toshiyuki Kubooka
2738,Tosin Coker
2739,Travis Fine
2740,Travis Taute
2741,Trevor Sands
2742,Trish Sie
2743,Tristram Shapeero
2744,Trivikram Srinivas
2745,Troy Miller
2746,Tudor Giurgiu
2747,Tugçe Soysop
2748,Turkan Derya
2749,Tyler Greco
2750,Tyler Perry
2751,Tyler Shields
2752,Tyler Spindel
2753,Udai Singh Pawar
2754,Ulrike Kofler
2755,Uluç Bayraktar
2756,Umberto Marino
2757,Umesh Bist
2758,Umut Aral
2759,Urs Schnell
2760,Uwe Boll
2761,Valerie Finkel
2762,Valerie Weiss
2763,Valli Bindana
2764,Van M. Pham
2765,Vasan Bala
2766,Venkatesh Maha
2767,Ves D'Elia
2768,Vic Sarin
2769,Vicente Villanueva
2770,Vicky Jewson
2771,Victor Gonzalez
2772,Victor Postiglione
2773,Victor Salva
2774,Victor Solorio
2775,Viet Nguyen
2776,Vijay Jayapal
2777,Vijay Milton
2778,Vikram Bhatt
2779,Vikram Gandhi
2780,Vikramaditya Motwane
2781,Villads Spangsberg
2782,Vince Gilligan
2783,Vince Marcello
2784,Vince Rotonda
2785,Vincenzo Natali
2786,Vinil Mathew
2787,Vishal Pandya
2788,Vitor Brandt
2789,Vivek Agnihotri
2790,Vivek Soni
2791,Vivieno Caldinelli
2792,Vlad Paunescu
2793,Vlad Yudin
2794,Vlad Zamfirescu
2795,Vladimir de Fontenay
2796,Víctor García
2797,Wade Gasque
2798,Wael Ihsan
2799,Wagner de Assis
2800,Walter C. Miller
2801,Walter Hill
2802,Wanuri Kahiu
2803,Ward Roberts
2804,Warren P. Sonoda
2805,Wash Westmoreland
2806,Wayne Berry
2807,Wayne Roberts
2808,Wayne Thornley
2809,Wei Ling Chang
2810,Wei-Hao Cheng
2811,Weica Wang
2812,Weiran Li
2813,Wendy Rogers
2814,Werner Herzog
2815,Weronika Tofilska
2816,Wes Anderson
2817,Wes Miller
2818,Weyler Hildebrand
2819,Whit Stillman
2820,Wi Ding Ho
2821,Will Koopman
2822,Will Yapp
2823,Willem Gerritsen
2824,William Bindley
2825,William Friedkin
2826,William Nicholson
2827,William Richert
2828,Wilson Yip
2829,Wing-Cheong Law
2830,Won Suk Kim
2831,Won-Chan Hong
2832,Woo-Ping Yuen
2833,WooSuk Yang
2834,Woody Allen
2835,Wyatt Cenac
2836,Xavier Durringer
2837,Xavier Gens
2838,Yam Laranas
2839,Yan Han
2840,Yance Ford
2841,Yann Gozlan
2842,Yasuhiro Irie
2843,Yayo Herrero
2844,Yesim Ustaoglu
2845,Yibran Asuad
2846,Yilmaz Erdogan
2847,Yong-ki Jeong
2848,Yoon Sunghyun
2849,Yoshifumi Kondô
2850,Yoshihiro Fukagawa
2851,Yoshiyuki Momose
2852,Younuts
2853,Yulene Olaizola
2854,Yvonne Debeaumarché
2855,Yô Yoshinari
2856,Yûki Hara
2857,Yûki Yamato
2858,Zachary Heinzerling
2859,Zack Snyder
2860,Zackary Adler
2861,Zak Hilditch
2862,Zak Penn
2863,Zao Wang
2864,Zhang Chong
2865,Zhuangzhuang Tian
2866,Zoe Berriatúa
2867,Zoltan Paul
2868,Zsolt Pálfi
2869,Zulkarnain Azhar
2870,Álex de la Iglesia
2871,Álvaro Brechner
2872,Álvaro Fernández Armero
2873,Ángel Gómez Hernández
2874,Ángeles Reiné
2875,Åke Sandgren
2876,Óscar Pedraza
2877,Ömer Ugur
