"director","total_gross_million"
"Partho Sen-Gupta","0.00"
"Ryon Baxter","0.00"
"Pat Healy","0.00"
"Tony McNamara","0.00"
"Lance Daly","0.00"
"Eric England","0.00"
"Seán Ó Cualáin","0.00"
"Amman Abbasi","0.00"
"Zackary Adler","0.00"
"Renny Harlin","0.00"
"Michael Blieden","0.00"
"Dan Bush","0.00"
"Steven R. Monroe","0.00"
"Patricia Rozema","0.01"
"Alex Lehmann","0.01"
"John Andreas Andersen","0.01"
"Marina Willer","0.01"
"Neil Drumming","0.01"
"Stéphane Rybojad","0.01"
"Joe Pearson","0.01"
"Kaouther Ben Hania","0.01"
"Wing-Cheong Law","0.01"
"Joel Allen Schroeder","0.01"
"Duncan Skiles","0.01"
"János Edelényi","0.01"
"Miguel Arteta","0.01"
"Jamie M. Dagg","0.01"
"Cosmo Feilding-Mellen","0.01"
"Gabrielle Demeestere","0.01"
"Ian Cheney","0.01"
"Leigh Janiak","0.01"
"Gotham Chopra","0.01"
"Julie Davis","0.01"
"Gary Wheeler","0.02"
"Lilibet Foster","0.02"
"Stefan Ruzowitzky","0.02"
"Jeremy Snead","0.02"
"Kriv Stenders","0.02"
"Jeff Garlin","0.02"
"William Friedkin","0.02"
"Chris Peckover","0.02"
"Karim Aïnouz","0.02"
"Benson Lee","0.02"
"Eric Schaeffer","0.02"
"Jalmari Helander","0.02"
"B. Unnikrishnan","0.02"
"Bertrand Bonello","0.03"
"Scott Hamilton Kennedy","0.03"
"Babak Anvari","0.03"
"Justin Kelly","0.03"
"Kevin Phillips","0.03"
"Peter Hyams","0.03"
"Cate Shortland","0.03"
"Crayton Robey","0.03"
"Brendan Toller","0.04"
"Jeremy Seifert","0.04"
"Danfung Dennis","0.04"
"Josh Greenbaum","0.04"
"Elizabeth Canner","0.05"
"David Grovic","0.05"
"Nick Tomnay","0.05"
"James D. Scurlock","0.06"
"Matt Johnson","0.06"
"Robert Stone","0.07"
"Cary Joji Fukunaga","0.08"
"Elite Zexer","0.08"
"Jesse V. Johnson","0.08"
"Ava DuVernay","0.08"
"Jim Gillespie","0.08"
"Céline Sciamma","0.08"
"Chad Hartigan","0.09"
"Craig Teper","0.09"
"Chris Kelly","0.09"
"Mark Mori","0.10"
"Ross Katz","0.10"
"Coralie Fargeat","0.10"
"Kasper Collin","0.10"
"Adam Leon","0.10"
"Nicholas DiBella","0.10"
"Andrew Bujalski","0.10"
"Jesse Moss","0.11"
"Ryan M. Kennedy","0.11"
"Masaaki Yuasa","0.11"
"Jehane Noujaim","0.12"
"Steve Hoover","0.12"
"Nicholas D. Wrathall","0.13"
"Sheldon Candis","0.14"
"M.D. Selig","0.14"
"Don Coscarelli","0.14"
"Ryan White","0.14"
"Takashi Miike","0.15"
"Michael Rossato-Bennett","0.15"
"Chris Paine","0.15"
"Ajmal Zaheer Ahmad","0.15"
"Joachim Trier","0.15"
"Jason Wise","0.17"
"Kazuya Murata","0.18"
"Ana Lily Amirpour","0.18"
"Greg Barker","0.19"
"Henry Hobson","0.19"
"Elizabeth Wood","0.20"
"Travis Fine","0.20"
"Luv Ranjan","0.22"
"Lone Scherfig","0.23"
"Karyn Kusama","0.23"
"Ribhu Dasgupta","0.26"
"Malik Bader","0.28"
"Colin Nutley","0.29"
"John Madden","0.30"
"Tom Six","0.30"
"Nora Twomey","0.31"
"Shane Meadows","0.33"
"Joe Swanberg","0.34"
"Jamal Hill","0.44"
"George Ratliff","0.48"
"Lynn Shelton","0.48"
"Lisa Krueger","0.50"
"Charlie McDowell","0.51"
"Martin Koolhoven","0.54"
"Arthur Rasco","0.56"
"Le-Van Kiet","0.59"
"Aaron Lieber","0.59"
"Greg 'Freddy' Camalier","0.70"
"Sean Baker","0.70"
"Kirby Dick","0.71"
"Dee Rees","0.76"
"Peter Landesman","0.77"
"Gaspar Noé","0.80"
"Steve James","0.81"
"Mamoru Hosoda","0.81"
"Robert Budreau","0.83"
"Vlad Yudin","0.85"
"Mark Levinson","0.87"
"Whit Stillman","1.01"
"Martín Rosete","1.02"
"Sujoy Ghosh","1.04"
"Mamoru Oshii","1.04"
"Gorô Miyazaki","1.05"
"Justin Kurzel","1.11"
"Gurinder Chadha","1.11"
"Bob Yari","1.12"
"Morgan Neville","1.16"
"Carlo Carlei","1.16"
"Daniel Espinosa","1.21"
"Perry Lang","1.25"
"Isabel Coixet","1.33"
"Mark Osborne","1.34"
"Stephanie Soechtig","1.54"
"Douglas Sirk","1.80"
"Ariel Vromen","1.94"
"Isao Takahata","1.96"
"Noah Baumbach","2.00"
"James Gray","2.01"
"Jacques Audiard","2.06"
"Victor Salva","2.24"
"Orson Welles","2.24"
"Rob Reiner","2.47"
"Wilson Yip","2.68"
"Kevin Macdonald","3.03"
"Lee Toland Krieger","3.09"
"Jeremy Saulnier","3.22"
"Irving Pichel","3.25"
"Amma Asante","3.90"
"Mel Stuart","4.00"
"Guy Hamilton","4.36"
"Paul Verhoeven","4.40"
"Uwe Boll","4.54"
"Bong Joon Ho","4.56"
"Trivikram Srinivas","4.70"
"Rupert Goold","4.72"
"Rohit Shetty","4.83"
"Makoto Shinkai","5.02"
"Brad Anderson","5.02"
"Taika Waititi","5.20"
"Daniel Barnz","5.31"
"Sngmoo Lee","5.66"
"Sergei Bodrov","5.70"
"George Clooney","5.78"
"Blair Treu","5.88"
"Frant Gwo","5.88"
"Doug Lefler","5.93"
"Anne Fontaine","6.11"
"Rob Cohen","6.12"
"Jean-Pierre Jeunet","6.17"
"Tomas Alfredson","6.67"
"Jack Clayton","6.74"
"Nicholas Jarecki","7.92"
"John Curran","8.06"
"Steven Knight","9.94"
"Robin Bissell","10.21"
"Ben Affleck","10.38"
"George Butler","10.40"
"David Ayer","10.51"
"Pierre Morel","10.64"
"Niels Arden Oplev","10.88"
"Tom Hooper","11.11"
"Scott Cooper","11.33"
"Richard Rich","11.96"
"Jee-woon Kim","12.05"
"John Hillcoat","12.63"
"John Lee Hancock","12.79"
"Trish Sie","14.90"
"Mary Harron","15.07"
"Nisha Ganatra","15.50"
"Roman Polanski","15.54"
"Daniel Mann","16.00"
"John Carney","16.17"
"Deran Sarafian","16.85"
"Boaz Yakin","17.14"
"Chris Weitz","17.61"
"Danny Boyle","18.34"
"Adam Wingard","18.47"
"Dax Shepard","18.60"
"Walter Hill","18.64"
"J.A. Bayona","19.02"
"Hiromasa Yonebayashi","19.20"
"Allen Hughes","19.70"
"Steve Carr","19.99"
"Terry Jones","20.05"
"Gary Fleder","20.16"
"David Koepp","20.28"
"Paul Haggis","21.15"
"Dennis Gansel","21.22"
"Marcus Nispel","21.30"
"Tim Story","21.36"
"Olivia Wilde","22.68"
"Andrew Niccol","24.15"
"Alexander Payne","24.45"
"Ron Howard","25.02"
"Mikael Håfström","25.13"
"Paul W.S. Anderson","26.83"
"David Mackenzie","26.86"
"Peter Webber","27.67"
"Barry Jenkins","27.85"
"Andrzej Bartkowiak","28.21"
"Fred Zinnemann","28.35"
"Lars Klevberg","29.21"
"Alexandre Aja","30.69"
"Jim Sheridan","30.98"
"Alex Proyas","31.15"
"Stephen Daldry","31.85"
"Alex Garland","32.73"
"Harold Becker","32.94"
"Franklin J. Schaffner","33.40"
"Dean Devlin","33.70"
"Taylor Sheridan","33.80"
"Ari Sandel","34.02"
"Eli Roth","34.06"
"Scott Speer","35.07"
"Joe Wright","35.09"
"Dan Mazer","35.59"
"Shane Black","36.26"
"Craig Gillespie","36.45"
"Stephen Frears","37.71"
"Tim Burton","37.77"
"John Crowley","38.32"
"Hayao Miyazaki","39.06"
"Paul King","40.44"
"Adam Shankman","41.23"
"Dennis Hopper","41.73"
"Alan J. Pakula","42.87"
"Jonathan Levine","43.04"
"Tyler Perry","43.55"
"Geoff Murphy","44.14"
"Mark Robson","44.43"
"David Lean","44.82"
"Kelly Asbury","45.02"
"Wes Anderson","45.51"
"Arthur Hiller","46.91"
"Todd Strauss-Schulson","48.79"
"Frederik Du Chau","49.77"
"Mark Rosman","51.44"
"David Leitch","51.69"
"Catherine Hardwicke","52.67"
"McG","54.76"
"Amy Heckerling","56.63"
"Adam Robitel","57.01"
"Stuart Hazeldine","57.39"
"John Landis","57.43"
"John Luessenhop","57.74"
"Seth Gordon","58.06"
"Len Wiseman","58.88"
"Larry Charles","59.65"
"Scott Hicks","60.46"
"Gavin Hood","61.74"
"Jaume Collet-Serra","63.69"
"Tarsem Singh","64.94"
"Anne Fletcher","65.33"
"Baltasar Kormákur","66.53"
"Florian Henckel von Donnersmarck","67.63"
"Roland Emmerich","73.10"
"Brad Furman","73.44"
"Patrick Hughes","75.47"
"Bennett Miller","75.61"
"Steven Soderbergh","75.66"
"James Bobin","77.04"
"Chris Columbus","78.75"
"Antoine Fuqua","79.57"
"Herbert Ross","80.04"
"Simon West","85.02"
"Stanley Kubrick","86.95"
"Mark Dindal","89.30"
"Woody Allen","90.23"
"Klay Hall","90.29"
"Joel Schumacher","92.12"
"Alex Kurtzman","92.51"
"Cecil B. DeMille","93.74"
"Peter Weir","95.86"
"Michael Mann","97.10"
"Robert Zemeckis","100.92"
"Brad Peyton","101.03"
"Jeannot Szwarc","102.92"
"Fede Alvarez","104.06"
"Noam Murro","106.58"
"Edgar Wright","107.83"
"Scott Derrickson","109.95"
"Ben Stiller","110.52"
"Joe Carnahan","112.88"
"Louis Leterrier","117.72"
"Darren Aronofsky","119.00"
"Gore Verbinski","123.48"
"Luc Besson","126.66"
"Stephen Herek","136.19"
"Quentin Tarantino","136.31"
"Gary Ross","140.22"
"Denis Villeneuve","147.44"
"Judd Apatow","148.73"
"Robert Rodriguez","151.90"
"Brian Fee","152.90"
"Sydney Pollack","158.35"
"Jon M. Chu","165.50"
"Genndy Tartakovsky","167.51"
"Martin Scorsese","167.64"
"David Fincher","167.77"
"Jordan Vogt-Roberts","168.05"
"Joe Johnston","181.17"
"Peter Berg","186.53"
"Randal Kleiser","188.76"
"Ruben Fleischer","213.52"
"Betty Thomas","219.61"
"Alejandro G. Iñárritu","225.98"
"Robert Luketic","232.50"
"Adrian Lyne","251.55"
"F. Gary Gray","252.19"
"Olivier Megaton","265.78"
"Andy Muschietti","327.48"
"James Wan","353.01"
"Jon Watts","390.53"
"Zack Snyder","540.97"
"Bill Condon","607.38"
"Sam Raimi","657.26"
"Jake Kasdan","721.35"
"Steven Spielberg","973.44"
"Peter Jackson","1338.94"
"Joram Lürsen",NULL
"John Hyams",NULL
"William Bindley",NULL
"Ross Wilson",NULL
"Allan Dwan",NULL
"Ming Jin Woo",NULL
"Masao Ôkubo",NULL
"Miguel Cohan",NULL
"Kwang-Hyun Park",NULL
"Tom Dey",NULL
"Chris Prynoski",NULL
"Adam Deyoe",NULL
"Ricky Gervais",NULL
"Samu Fuentes",NULL
"Jon Clay",NULL
"Albert Jan van Rees",NULL
"Igor Cobileanski",NULL
"Avid Liongoren",NULL
"Jason Rothenberg",NULL
"Brent Crowell",NULL
"Gabriela Tagliavini",NULL
"Chris Sivertson",NULL
"Anurag Basu",NULL
"Angela Barnes",NULL
"Luke Snellin",NULL
"Nadia Hallgren",NULL
"Brandon Camp",NULL
"Wael Ihsan",NULL
"Tim Robbins",NULL
"Toshiyuki Kubooka",NULL
"Benno Schoberth",NULL
"Jarrett Lee Conaway",NULL
"Mikhil Musale",NULL
"Wendy Rogers",NULL
"Raj Thiruselvan",NULL
"Jo Harvey",NULL
"Wyatt Cenac",NULL
"Danny Stolker",NULL
"James Tovell",NULL
"Stefan Westerwelle",NULL
"Edwin",NULL
"Drew Glick",NULL
"Eiichirô Hasumi",NULL
"Benjamin Kasulke",NULL
"Meat Dept",NULL
"Andres Feddersen",NULL
"Jon Richards",NULL
"Brent Craft",NULL
"Kalina Alabrudzinska",NULL
"John Stewart Muller",NULL
"Sofia Coppola",NULL
"Salli Richardson-Whitfield",NULL
"Simon Bennett",NULL
"Pawan Kumar",NULL
"Love Lee",NULL
"Jovan Taylor",NULL
"Ben Young",NULL
"Chris Moukarbel",NULL
"Alexandre Avancini",NULL
"J.C. Chandor",NULL
"Fernando González Molina",NULL
"Tom Marshall",NULL
"Philipp Eichholtz",NULL
"Lennart Ruff",NULL
"Gabriel Julien-Laferrière",NULL
"Bert Kish",NULL
"Monika Mitchell",NULL
"Chaitanya Tamhane",NULL
"Destiny Ekaragha",NULL
"Åke Sandgren",NULL
"Steve Stark",NULL
"Dan Gilroy",NULL
"Bert Marcus",NULL
"Patrice Laliberté",NULL
"Franco di Chiera",NULL
"Daniel Markowicz",NULL
"Rayka Zehtabchi",NULL
"Franck Nataf",NULL
"Sharan Sharma",NULL
"Roy Hin Yeung Chow",NULL
"Michal Szczesniak",NULL
"Gil Junger",NULL
"Euros Lyn",NULL
"Elizabeth Banks",NULL
"Hiromi Kamata",NULL
"Sacha Wolff",NULL
"Lodewijk Crijns",NULL
"Hannah Hoare",NULL
"Diederick Koopal",NULL
"Carlos Kaimakamian Carrau",NULL
"Ireneusz Dobrowolski",NULL
"Damián Romay",NULL
"Rebecca Asher",NULL
"Jon Karthaus",NULL
"Raihan Muhimtule",NULL
"Alejandro Montiel",NULL
"John Keith Wasson",NULL
"Marc Vigil",NULL
"Hyun Joo Song",NULL
"Steve Amezdroz",NULL
"Lauro David Chartrand-DelValle",NULL
"Robert Lieberman",NULL
"Evan Buxbaum",NULL
"Bartosz Konopka",NULL
"Zak Penn",NULL
"Emanuel Parvu",NULL
"Oliver Kienle",NULL
"Jelle de Jonge",NULL
"Steven K. Tsuchida",NULL
"Oded Raz",NULL
"Leonard R. Garner Jr.",NULL
"Brian Volk-Weiss",NULL
"Louis C.K.",NULL
"Elisa Fuksas",NULL
"Stelvio Massi",NULL
"Tibor Takács",NULL
"Jonathan Sheldon",NULL
"Stephen Falk",NULL
"Santiago Limón",NULL
"Russ Barnes",NULL
"Eddie Mullins",NULL
"René Sampaio",NULL
"Michael Tiddes",NULL
"Jennifer Phang",NULL
"Arvind Sastry",NULL
"Sion Sono",NULL
"Darrell Brown",NULL
"Jamie Childs",NULL
"Cecilia Peck",NULL
"Phillip Guzman",NULL
"Diana Valentine",NULL
"Michael Matthews",NULL
"Chell Stephen",NULL
"Fred Ouro Preto",NULL
"Kornél Mundruczó",NULL
"Jay Chapman",NULL
"Alik Sakharov",NULL
"Kagiso Lediga",NULL
"Syamsul Yusof",NULL
"Steven A. Adelson",NULL
"Nicholas Kharkongor",NULL
"Johan Renck",NULL
"Paula van der Oest",NULL
"Evgeny Afineevsky",NULL
"J.B. Rogers",NULL
"Haneef Adeni",NULL
"Eli Craig",NULL
"Dani de la Torre",NULL
"Narendra Nath",NULL
"Leslee Udwin",NULL
"Phil Joanou",NULL
"Joshua Zeman",NULL
"Nikhil Bhat",NULL
"Elisa Miller",NULL
"Daniel O'Hara",NULL
"Miguel Alexandre",NULL
"Christophe Charrier",NULL
"Matías Gueilburt",NULL
"Jeremy M. Inman",NULL
"Ramiro Tenorio",NULL
"Scott Moran",NULL
"Richie Smyth",NULL
"Richard Meech",NULL
"Michelle Esrick",NULL
"Neil J. Wilkinson",NULL
"Scott Frank",NULL
"Ves D'Elia",NULL
"Lin-Manuel Miranda",NULL
"Villads Spangsberg",NULL
"Paco Caballero",NULL
"Matthew Michael Carnahan",NULL
"Ingvild Søderlind",NULL
"Mikkel Serup",NULL
"Kuang-Hui Liu",NULL
"Hansol Shin",NULL
"Daryl Hannah",NULL
"Banjong Pisanthanakun",NULL
"Julie Anne Robinson",NULL
"Iñaki Dorronsoro",NULL
"Eric Dean Seaton",NULL
"Benny Boom",NULL
"Shanker Raman",NULL
"Mike Mendez",NULL
"Ludovica Lirosi",NULL
"Vivek Soni",NULL
"Riri Riza",NULL
"Dan Chisu",NULL
"Eric Cabello",NULL
"Brad Falchuk",NULL
"Ryan Koo",NULL
"Angelina Jolie",NULL
"Carles Torras",NULL
"Brian Andrew Mendoza",NULL
"Börkur Sigþórsson",NULL
"Ji Zhao",NULL
"Daniel Lind Lagerlöf",NULL
"David Victori",NULL
"Sean Foley",NULL
"Glenn Weiss",NULL
"Marina Rice Bader",NULL
"Caito Ortiz",NULL
"Marcos Bucay",NULL
"Ben Chessell",NULL
"Fumihiko Sori",NULL
"Bernardo De la Rosa Villarreal",NULL
"Shadaab Ali",NULL
"Allan Kroeker",NULL
"Abhijit Panse",NULL
"Steve Purcell",NULL
"Marco A. Castillo",NULL
"Sheldon Epps",NULL
"Francis D. Lyon",NULL
"Maria Jose Cuevas",NULL
"Matti Geschonneck",NULL
"Komgrit Triwimol",NULL
"Marita Grabiak",NULL
"Gitanjali Rao",NULL
"Marco Dutra",NULL
"Vinil Mathew",NULL
"Manuel Martín Cuenca",NULL
"Liam Lynch",NULL
"Gail Harvey",NULL
"Bryce Wagoner",NULL
"Owen Trevor",NULL
"Charlie Kaufman",NULL
"Kitao Sakurai",NULL
"Micah Gunnell",NULL
"Joon-Sung Kim",NULL
"Russ Parr",NULL
"Dharmendra Suresh Desai",NULL
"Mathieu Demy",NULL
"J. Davis",NULL
"Anthony C. Ferrante",NULL
"Måns Månsson",NULL
"Ivona Juka",NULL
"Sue Kim",NULL
"Sara St. Onge",NULL
"Ritesh Batra",NULL
"Nzingha Stewart",NULL
"Ji-woo Jung",NULL
"James DeWille",NULL
"Roger Gual",NULL
"John Lee",NULL
"Brian A. Miller",NULL
"Zoltan Paul",NULL
"Philippe de Chauveron",NULL
"J.W. Myers",NULL
"Reginald Hudlin",NULL
"Ward Roberts",NULL
"Maïwenn",NULL
"Michael M. Scott",NULL
"Peter Winther",NULL
"Malik Vitthal",NULL
"Gina Lamar",NULL
"Pailin Wedel",NULL
"Gilbert Chan",NULL
"Raúl Arévalo",NULL
"Iñaki Peñafiel",NULL
"Moses Inwang",NULL
"Michele Soavi",NULL
"Jasbir Bijender Bhati",NULL
"Marc Jobst",NULL
"Afia Nathaniel",NULL
"Jeannie Gaffigan",NULL
"Cem Yilmaz",NULL
"Dan Krauss",NULL
"Stefan Pleszczynski",NULL
"Ricardo Trogi",NULL
"Atle Knudsen",NULL
"Teddy Soeriaatmadja",NULL
"Arun Kumar",NULL
"Samir Rehem",NULL
"Yesim Ustaoglu",NULL
"Q. Allan Brocka",NULL
"Chris Savino",NULL
"Kasper Barfoed",NULL
"Martin Prakkat",NULL
"Jonas Pate",NULL
"Tim Van Someren",NULL
"Rick Jacobson",NULL
"Leslie Iwerks",NULL
"Shûkô Murase",NULL
"Sheree Folkson",NULL
"Brent Bonacorso",NULL
"Vivieno Caldinelli",NULL
"Vijay Milton",NULL
"Javier Ruiz Caldera",NULL
"Jake Gavin",NULL
"Farah Nabulsi",NULL
"Susanne Bier",NULL
"Rocco Ricciardulli",NULL
"Megha Ramaswamy",NULL
"Eduardo Casanova",NULL
"Tiago Guedes",NULL
"Sharif Arafah",NULL
"Cristina Jacob",NULL
"Steven Rumbelow",NULL
"Danila Kozlovskiy",NULL
"Álex de la Iglesia",NULL
"Plastico",NULL
"Andrea Molaioli",NULL
"Walter C. Miller",NULL
"Ángel Gómez Hernández",NULL
"Ben Hernandez Bray",NULL
"Adolf El Assal",NULL
"Sam Levinson",NULL
"Lance W. Dreesen",NULL
"Salvador Calvo",NULL
"Demián Rugna",NULL
"Wayne Thornley",NULL
"Jesse Baget",NULL
"Savage Steve Holland",NULL
"Kyle Henry",NULL
"George Sherman",NULL
"Paolo Sorrentino",NULL
"Michael Barrett",NULL
"Lindsey Morgan",NULL
"Olivier Loustau",NULL
"Antonio Campos",NULL
"Michael Uppendahl",NULL
"Sílvia Quer",NULL
"Skye Borgman",NULL
"Tobias Lindholm",NULL
"Gaspar Antillo",NULL
"Amara Cash",NULL
"Craig Johnson",NULL
"Matt Smiley",NULL
"Prakash Satam",NULL
"Peter Flinth",NULL
"Juan Antin",NULL
"Zhuangzhuang Tian",NULL
"Gina Prince-Bythewood",NULL
"Chase Conley",NULL
"Qaushiq Mukherjee",NULL
"Liza Johnson",NULL
"John Pogue",NULL
"Tessa Hoffe",NULL
"Nabil Ayouch",NULL
"Mark Lewis",NULL
"Taichi Ishidate",NULL
"Christopher Amos",NULL
"Conrad Helten",NULL
"Juan Antonio de la Riva",NULL
"Robert Smigel",NULL
"Ashish Ray",NULL
"Ben C. Lucas",NULL
"Glendyn Ivin",NULL
"Sara Colangelo",NULL
"J.C. Khoury",NULL
"Hunter Adams",NULL
"Gary Harvey",NULL
"Svetlana Cvetko",NULL
"Pablo Aragüés",NULL
"Michael Kristoff",NULL
"Kalvin Lee",NULL
"Izu Ojukwu",NULL
"Johane Matte",NULL
"Richard Speight Jr.",NULL
"Dean Craig",NULL
"Antony De Gennaro",NULL
"Zhang Chong",NULL
"Lorena Muñoz",NULL
"Kaila York",NULL
"Baran bo Odar",NULL
"Joshua Zimmerman",NULL
"Andi Behring",NULL
"Hikari",NULL
"Cornel Gheorghita",NULL
"Mateo Willis",NULL
"Jonathan Elbers",NULL
"Alessio Maria Federici",NULL
"Soumendra Padhi",NULL
"Edwin L. Marshall",NULL
"Per-Olav Sørensen",NULL
"Lisa Bryant",NULL
"Haifaa Al-Mansour",NULL
"Doug Campbell",NULL
"Melanie Mayron",NULL
"Phil Allora",NULL
"Joaquim Dos Santos",NULL
"Bobby Roth",NULL
"Catherine Reitman",NULL
"Kjell Sundvall",NULL
"Kevin Derek",NULL
"James Spione",NULL
"Blair Simmons",NULL
"Matt Danner",NULL
"Michael Fimognari",NULL
"Jet Wilkinson",NULL
"Ellen Kuras",NULL
"Halle Berry",NULL
"Robert Vince",NULL
"Aleksey Tsitsilin",NULL
"Michael Tolajian",NULL
"Farhad Safinia",NULL
"Clay Jeter",NULL
"Bartosz M. Kowalski",NULL
"Mike Flanagan",NULL
"Kaspar Munk",NULL
"Ken'ichi Takeshita",NULL
"Liz Garbus",NULL
"Anthony Stacchi",NULL
"Alberto Ruiz Rojo",NULL
"Shirish Kunder",NULL
"Jesús Colmenar",NULL
"Neasa Hardiman",NULL
"Ryan Suffern",NULL
"Matthew Killip",NULL
"Cristi Iftime",NULL
"Cecilia Aranovich",NULL
"Alessio Cremonini",NULL
"Tara Nicole Weyr",NULL
"Peter DeLuise",NULL
"Griffin Dunne",NULL
"Aaron Burns",NULL
"WooSuk Yang",NULL
"Maggie Carey",NULL
"Anca Miruna Lazarescu",NULL
"P.T. Kunju Muhammad",NULL
"Antonio Tublen",NULL
"Olivia Newman",NULL
"Stuart Sender",NULL
"Peter Howitt",NULL
"Ludovico Di Martino",NULL
"Esteban Ramírez",NULL
"Anubhav Sinha",NULL
"Nahnatchka Khan",NULL
"Carol Banker",NULL
"Priyadarshan",NULL
"G.J. Echternkamp",NULL
"Indi Wijay",NULL
"Farzad Sangari",NULL
"Victor Postiglione",NULL
"Juan José Campanella",NULL
"Israel Adrián Caetano",NULL
"Julien Seri",NULL
"Robert Heath",NULL
"Enah Johnscott",NULL
"Michael Bonfiglio",NULL
"Jesper Ganslandt",NULL
"Aneesh Anwar",NULL
"Kristen Bell",NULL
"Gwyneth Horder-Payton",NULL
"Peter Mackenzie",NULL
"Cecilia Verheyden",NULL
"Duane Adler",NULL
"Hiroyuki Morita",NULL
"Seong-soo Kim",NULL
"Sam Cullman",NULL
"Ryan Miningham",NULL
"Geir Henning Hopland",NULL
"Chiaki Kon",NULL
"Bruno Ascenzo",NULL
"Nicolai Rohde",NULL
"Peter Fison",NULL
"Andy Tennant",NULL
"Paris Dylan",NULL
"Oriol Paulo",NULL
"Judy Irving",NULL
"Yilmaz Erdogan",NULL
"Gustavo Ron",NULL
"Romeo Tirone",NULL
"Paul McGuigan",NULL
"Madhur Bhandarkar",NULL
"Michael Schur",NULL
"Nora Fingscheidt",NULL
"Alain Desrochers",NULL
"Jesper Andersson",NULL
"Ingrid Kvale",NULL
"Ruud Schuurman",NULL
"Marcus Dunstan",NULL
"Lauren MacMullan",NULL
"Ian Edelman",NULL
"Ali Taner Baltaci",NULL
"Royale Watkins",NULL
"Claudia Llosa",NULL
"Keith Gordon",NULL
"Tess Sweet",NULL
"Aditya Kripalani",NULL
"Weyler Hildebrand",NULL
"Sean Song",NULL
"Niels Nielsen",NULL
"Jim Goldblum",NULL
"David Bruckner",NULL
"Roy Campanella II",NULL
"Colin Bucksey",NULL
"Soham Shah",NULL
"Leah Sturgis",NULL
"Chris Modoono",NULL
"John Whitesell",NULL
"Fernando Frias",NULL
"Jun-hee Han",NULL
"Don Haderlein",NULL
"Leena Yadav",NULL
"Daniel Guzmán",NULL
"Pieter Kuijpers",NULL
"Roberto Fiesco",NULL
"Pamela Romanowsky",NULL
"Natasha Lyonne",NULL
"Colin Minihan",NULL
"Mauricio Brunetti",NULL
"Alankrita Shrivastava",NULL
"Michael J. Gallagher",NULL
"Nic Mathieu",NULL
"Gary Andrews",NULL
"Álvaro Fernández Armero",NULL
"Van M. Pham",NULL
"Michael Sparaga",NULL
"Brenton Spencer",NULL
"Anand Tiwari",NULL
"Orlando von Einsiedel",NULL
"Samuel Bodin",NULL
"Claire Scanlon",NULL
"Michael A. Allowitz",NULL
"Birgitte Stærmose",NULL
"José Manuel Cravioto",NULL
"Jong-woo Park",NULL
"Ramon Térmens",NULL
"Cheh Chang",NULL
"Steven M. Smith",NULL
"Pritan Ambroase",NULL
"Nick Broomfield",NULL
"Tope Oshin",NULL
"Debbie Allen",NULL
"Serge Rodnunsky",NULL
"Sameh Abdulaziz",NULL
"Justin Steele",NULL
"Timothy Woodward Jr.",NULL
"Joe Lynch",NULL
"Casey Lowe",NULL
"Juan Camilo Pinzon",NULL
"Deeyah Khan",NULL
"Halitha Shameem",NULL
"Bobcat Goldthwait",NULL
"Tommy O'Haver",NULL
"Nicole Conn",NULL
"Hiroyasu Aoki",NULL
"Donovan Marsh",NULL
"Benny Fredman",NULL
"Jorge M. Fontana",NULL
"Jonathan Hensleigh",NULL
"Rolfe Kanefsky",NULL
"Tae You Chang",NULL
"RC Delos Reyes",NULL
"Kristin Lehman",NULL
"Dave Filoni",NULL
"Ticoy Rodriguez",NULL
"Jack Webb",NULL
"Christopher Leone",NULL
"Chris Eigeman",NULL
"Lila Neugebauer",NULL
"Paco Plaza",NULL
"Mark Sheppard",NULL
"Jin-sung Choi",NULL
"Thomas Acda",NULL
"Jesse Warn",NULL
"Brian Oakes",NULL
"Blake Edwards",NULL
"Dan Fausett",NULL
"Joanna Kerns",NULL
"Edgar Arellano",NULL
"Otilia Portillo Padua",NULL
"Jonathan Demme",NULL
"Naseef Yusuf Izuddin",NULL
"Lucius C. Kuert",NULL
"Jeff Bleckner",NULL
"Chen-Hao Yin",NULL
"Marc Fouchard",NULL
"Gil Kenan",NULL
"Steve Yamamoto",NULL
"Charles Martin Smith",NULL
"Juana Macías",NULL
"Massimiliano Camaiti",NULL
"Jean-Bernard Marlin",NULL
"Jay Oliva",NULL
"Jonas Åkerlund",NULL
"Andy Serkis",NULL
"Alice Rohrwacher",NULL
"Helen Shaver",NULL
"Shonali Bose",NULL
"Katherine Dieckmann",NULL
"Shawn Levy",NULL
"Marti Noxon",NULL
"James Marsh",NULL
"Oliver Hockenhull",NULL
"Marie Monge",NULL
"Vince Marcello",NULL
"Bo Burnham",NULL
"Samira Radsi",NULL
"Michael Goi",NULL
"Rodrigo Pelmonto",NULL
"Valerie Finkel",NULL
"Sherif Mandour",NULL
"David Higby",NULL
"Selvamani Selvaraj",NULL
"Indra Gunawan",NULL
"Ozgur Onurme",NULL
"Augustine Frizzell",NULL
"Adam Parton",NULL
"John Herzfeld",NULL
"Michael Sucsy",NULL
"Kyoko Miyake",NULL
"Steve Shill",NULL
"Michihito Fujii",NULL
"Michael Baumgarten",NULL
"Martijn Heijne",NULL
"Johanna Demetrakas",NULL
"Micah Smith",NULL
"Chris Baugh",NULL
"Sarah Boyd",NULL
"William Richert",NULL
"Jakub Piatek",NULL
"Yibran Asuad",NULL
"Drew Casson",NULL
"Marty Sader",NULL
"Pablo Gonzalez",NULL
"Marlene Guerin",NULL
"Roger Kumble",NULL
"Nicolae Constantin Tanase",NULL
"Sam Irvin",NULL
"Hang-jun Jang",NULL
"Roman Gackowski",NULL
"Steve Day",NULL
"Amar Kaushik",NULL
"David McWhirter",NULL
"Saara Cantell",NULL
"Mahesh Bhatt",NULL
"Fred Savage",NULL
"Manop Janjarasskul",NULL
"Alex Rodrigo",NULL
"Clare Kilner",NULL
"Jonathan Judge",NULL
"Gustaf Molander",NULL
"Sammaria Simanjuntak",NULL
"Ezna Sands",NULL
"Seong-hun Kim",NULL
"Wayne Roberts",NULL
"Paco Aguilar",NULL
"Greg Whiteley",NULL
"Christopher Denham",NULL
"César Rodrigues",NULL
"Gerard McMurray",NULL
"Aruna Raje",NULL
"Stephen Polk",NULL
"Oliver Driver",NULL
"Hamisha Daryani Ahuja",NULL
"Anne de Clercq",NULL
"Yayo Herrero",NULL
"John L. Spencer",NULL
"Marcelo Galvão",NULL
"Tawnia McKiernan",NULL
"Pietra Brettkelly",NULL
"J.C. Falcón",NULL
"Victor Gonzalez",NULL
"Cédric Jimenez",NULL
"Óscar Pedraza",NULL
"Filip Zylber",NULL
"Brian Maya",NULL
"Margaret Brown",NULL
"Radha Blank",NULL
"Wei-Hao Cheng",NULL
"Seth Larney",NULL
"Otoja Abit",NULL
"Do Joon Sung",NULL
"Jeff Melman",NULL
"Jared Stern",NULL
"Tanawat Aiemjinda",NULL
"David Morlet",NULL
"Rhiannon Bannenberg",NULL
"Salva Romero",NULL
"Tim Kirkby",NULL
"Francesco Amato",NULL
"Brian Kirk",NULL
"Dennis Bots",NULL
"Marcel Barrena",NULL
"Mark Chow",NULL
"Barbara Topsøe-Rothenborg",NULL
"Joseph Kosinski",NULL
"Nick Mutuma",NULL
"Rick Pamplin",NULL
"Kongkiat Khomsiri",NULL
"Il Cho",NULL
"Francisco Macri",NULL
"Christian Jensen",NULL
"Luis Javier Henaine",NULL
"Francesco Carnesecchi",NULL
"Mahesh Manjrekar",NULL
"Valli Bindana",NULL
"Michèle Ohayon",NULL
"Todd Verow",NULL
"N.D. Wilson",NULL
"Thomas Sieben",NULL
"Darin Beckstead",NULL
"Nabeel Qureshi",NULL
"Hyun-Sung Moon",NULL
"Andrew Jones",NULL
"Selçuk Aydemir",NULL
"Mohammed Moustafa",NULL
"Stephen Scott",NULL
"Hardik Mehta",NULL
"Kevin Johnson",NULL
"Saurab Narang",NULL
"Fredde Granberg",NULL
"Louise Hooper",NULL
"Andrew Disney",NULL
"Luciano Manuzzi",NULL
"Agnidev Chatterjee",NULL
"Silas Howard",NULL
"George C. Wolfe",NULL
"Gerd Oswald",NULL
"Roel Reiné",NULL
"Lee Sholem",NULL
"Alejandro Springall",NULL
"Tony T. Datis",NULL
"Ludovic Bernard",NULL
"Bridget Underwood",NULL
"Mark Cartier",NULL
"Mark Ritchie",NULL
"Thora Hilmarsdottir",NULL
"John Block",NULL
"Jayaprakash Radhakrishnan",NULL
"Dave Stone",NULL
"Chris Graham",NULL
"Adam Davidson",NULL
"Nisha Pahuja",NULL
"Mark Waters",NULL
"Jason Connery",NULL
"Takashi Shimizu",NULL
"Curtis Clark",NULL
"Alexis Almström",NULL
"Sneha Taurani",NULL
"Jens Jonsson",NULL
"Tetsurô Araki",NULL
"Patricia Ferreira",NULL
"John Carchietta",NULL
"Chris Sparling",NULL
"Amanda Tapping",NULL
"John Duigan",NULL
"Dave Paige",NULL
"Steve Rolston",NULL
"Gil Baroni",NULL
"Alex Gibney",NULL
"Michael Schultz",NULL
"Daniele Grieco",NULL
"Jonathan A. Rosenbaum",NULL
"S.J. Clarkson",NULL
"Monty Tiwa",NULL
"Richard Salazar",NULL
"Kwang Il Han",NULL
"David Miller",NULL
"Jen McGowan",NULL
"Andrew DeYoung",NULL
"Sooni Taraporevala",NULL
"Mac Kenny",NULL
"Javier Quintas",NULL
"Hinde Boujemaa",NULL
"Fred Terling",NULL
"Ian Harris",NULL
"Jamie Travis",NULL
"Bob Koherr",NULL
"Tessa Blake",NULL
"Floyd Russ",NULL
"Miguel Ángel Lamata",NULL
"Tony Elliott",NULL
"Koldo Serra",NULL
"Jacob LaMendola",NULL
"Kristian Mercado",NULL
"Marco Simon Puccioni",NULL
"Rhys Thomas",NULL
"Oliver Bokelberg",NULL
"David Ruiz",NULL
"Thomas J. Churchill",NULL
"Richard Robbins",NULL
"Matt Kay",NULL
"Steve Paley",NULL
"Mark A. Burley",NULL
"Fred Cavayé",NULL
"John Edginton",NULL
"Stephanie Laing",NULL
"Ted Geoghegan",NULL
"Rodrigo Van Der Put",NULL
"Scott Mann",NULL
"Simon Astier",NULL
"Jalil Lespert",NULL
"Matt Bell",NULL
"David Moore",NULL
"Kief Davidson",NULL
"Paolo Genovese",NULL
"Damien Leone",NULL
"Sue Ding",NULL
"Andaç Haznedaroglu",NULL
"Jon Izen",NULL
"Jared Leto",NULL
"Paween Purijitpanya",NULL
"Bruno Corbucci",NULL
"Mehmet Ada Öztekin",NULL
"Christie Will Wolf",NULL
"Robert Valley",NULL
"Grace Chapman",NULL
"Atul Sabharwal",NULL
"Venkatesh Maha",NULL
"José Pepe Bojórquez",NULL
"Tina Mabry",NULL
"Terry Miles",NULL
"Hatem Khraiche",NULL
"Alex Stapleton",NULL
"Max Croci",NULL
"Ulrike Kofler",NULL
"Paul Weitz",NULL
"Oren Uziel",NULL
"Gary Young",NULL
"Todor Chapkanov",NULL
"Jennifer Celotta",NULL
"Gandja Monteiro",NULL
"Vladimir de Fontenay",NULL
"Erwin van den Eshof",NULL
"Michael Nankin",NULL
"Gareth Evans",NULL
"Egor Baranov",NULL
"Tekin Girgin",NULL
"Anca Damian",NULL
"Willem Gerritsen",NULL
"Michelle Schumacher",NULL
"Joey Kern",NULL
"Honey Trehan",NULL
"Che Sandoval",NULL
"Ryan Murphy",NULL
"Jatuphong Rungrueangdechaphat",NULL
"Peter Orton",NULL
"Barry Avrich",NULL
"Jan Komasa",NULL
"John P. Aguirre",NULL
"Christian D. Bruun",NULL
"Marc Meyers",NULL
"Alex Timbers",NULL
"Peter Chelsom",NULL
"Parrish Smith",NULL
"Robert Eagar",NULL
"John Fortenberry",NULL
"David France",NULL
"John R. Leonetti",NULL
"Craig Brewer",NULL
"Isabel Valiante",NULL
"Elodie Keene",NULL
"Shannon Hartman",NULL
"Maya Forbes",NULL
"Kabir Akhtar",NULL
"Mathias Herndl",NULL
"Franck Ribière",NULL
"Chandra Liow",NULL
"Stephen Cone",NULL
"Linda Bloodworth-Thomason",NULL
"Atlee Kumar",NULL
"Amr Salama",NULL
"Greg Jardin",NULL
"Lesean Thomas",NULL
"Laura Brownson",NULL
"George Stevens",NULL
"Pulkit",NULL
"Stewart Menelaws",NULL
"Andy Fowler",NULL
"Seth Henrikson",NULL
"Thea Sharrock",NULL
"Christopher Landon",NULL
"Erik White",NULL
"Tim Bulot",NULL
"Ayoka Chenzira",NULL
"Daniel Zelik Berk",NULL
"Borja Cobeaga",NULL
"Abhinay Deo",NULL
"Lana Wilson",NULL
"Steve Saint Leger",NULL
"Matt Wechsler",NULL
"Jared Cohn",NULL
"Rotem Shamir",NULL
"Tom Lass",NULL
"Ramsey Nouah",NULL
"Giancarlo Abrahan",NULL
"Ellie Foumbi",NULL
"Charlie Haskell",NULL
"Stan Lathan",NULL
"Maite Ruiz de Austri",NULL
"Hadrah Daeng Ratu",NULL
"Richard Berry",NULL
"Oliver Schmitz",NULL
"Renato De Maria",NULL
"Charles Stone III",NULL
"Joseph Sherman",NULL
"Chris Nelson",NULL
"Adam Salky",NULL
"Stephen Surjik",NULL
"Chung Sun",NULL
"Alessandra de Rossi",NULL
"Shinsuke Sato",NULL
"Roy Poortmans",NULL
"Carl Franklin",NULL
"John Milton Branton",NULL
"Amanda Blue",NULL
"Masafumi Yamada",NULL
"Candace Cameron Bure",NULL
"Matthew Warchus",NULL
"Lucy Forbes",NULL
"Axelle Carolyn",NULL
"Pradeep Verma",NULL
"Patric McInnis",NULL
"Sanne Vogel",NULL
"Max Adams",NULL
"Sam Rega",NULL
"Brent Huff",NULL
"Stéphanie Kaïm",NULL
"Darragh Byrne",NULL
"Jon Pretnar",NULL
"Robert Schwartzman",NULL
"Lukasz Kacprowicz",NULL
"John Wells",NULL
"Tim Matheson",NULL
"Remi Weekes",NULL
"Charles Shyer",NULL
"Julio Hernández Cordón",NULL
"Raam Reddy",NULL
"Norberto López Amado",NULL
"Awi Suryadi",NULL
"April Mullen",NULL
"Ahmed El Gendy",NULL
"John Schultz",NULL
"Alexandra La Roche",NULL
"So Yong Kim",NULL
"Stephen Shimek",NULL
"Hanno Olderdissen",NULL
"Phill Lewis",NULL
"Dave Coulier",NULL
"Tom Shankland",NULL
"Kwabena Gyansah",NULL
"Tugçe Soysop",NULL
"Paul Feig",NULL
"Alex Goyette",NULL
"Matheus Souza",NULL
"Jeethu Joseph",NULL
"Steffi Kammerer",NULL
"Lisa Leone",NULL
"Michael Brandt",NULL
"Brian Scott Lederman",NULL
"Alan Yang",NULL
"Manjari Makijany",NULL
"Craig Leeson",NULL
"Jeff Baena",NULL
"Sam Hobkinson",NULL
"Benjamin Dickinson",NULL
"Kenneth Gyang",NULL
"Lisa James Larsson",NULL
"Kimmy Gatewood",NULL
"Toa Fraser",NULL
"Estevan Oriol",NULL
"Amy Rice",NULL
"Courtney Hunt",NULL
"Adze Ugah",NULL
"Amr Salah",NULL
"Jake Szymanski",NULL
"John Rester Zodrow",NULL
"Rocky Soraya",NULL
"Federico D'Alessandro",NULL
"Cherie Nowlan",NULL
"Sinan Akkus",NULL
"Nihat Durak",NULL
"Alfonso Pineda Ulloa",NULL
"Marcela Said",NULL
"Can Ulkay",NULL
"Adam Heydt",NULL
"Nosipho Dumisa",NULL
"Alexandre Espigares",NULL
"Matthew Lauyer",NULL
"Ian Brennan",NULL
"Yasuhiro Irie",NULL
"Galder Gaztelu-Urrutia",NULL
"Ryan Ferguson",NULL
"Duncan Jones",NULL
"Raj Singh Chaudhary",NULL
"Mollie Helms",NULL
"Joe Penna",NULL
"Mike Fleiss",NULL
"Qunshu Gao",NULL
"Shimit Amin",NULL
"Neema Barnette",NULL
"Nick Antosca",NULL
"Pratim D. Gupta",NULL
"Julia von Heinz",NULL
"Camille Shooshani",NULL
"Mitch Schultz",NULL
"Senol Sönmez",NULL
"Florent Bodin",NULL
"Steven C. Miller",NULL
"Daniel Benmayor",NULL
"Brendan Mertens",NULL
"Aziz Ansari",NULL
"Jose Gomez",NULL
"Kristin Hanggi",NULL
"Bob Bryan",NULL
"Wayne Berry",NULL
"Pim van Hoeve",NULL
"Renzil D'Silva",NULL
"Chiwetel Ejiofor",NULL
"Andrei Zincã",NULL
"Pete Travis",NULL
"Gonenc Uyanik",NULL
"Kunle Afolayan",NULL
"Dan Pita",NULL
"Gregory Caruso",NULL
"Franziska Meyer Price",NULL
"Bryan Francis",NULL
"Steve Petersen",NULL
"Kim Tae-hyung",NULL
"Vikramaditya Motwane",NULL
"Karl Mueller",NULL
"Gerard Barrett",NULL
"Fabrice Lambot",NULL
"Tomomi Mochizuki",NULL
"Heather Tom",NULL
"Elliot Dear",NULL
"James Bowman",NULL
"Byoung-Wook Ahn",NULL
"Paola Randi",NULL
"John Ridley",NULL
"Daina Reid",NULL
"Petra Costa",NULL
"Timothy M. Snell",NULL
"Stephen Reynolds",NULL
"Chad Lowe",NULL
"Sergio Barrejón",NULL
"Amanda Raymond",NULL
"Omoni Oboli",NULL
"Lluís Quílez",NULL
"Christopher Chambers",NULL
"Adrian Teh",NULL
"Jonathan Jones",NULL
"Daniel Goldhaber",NULL
"Toka McBaror",NULL
"Monique Gardenberg",NULL
"Jennifer Siebel Newsom",NULL
"Matt Palmer",NULL
"Charlotte Brändström",NULL
"Letizia Lamartire",NULL
"Patryk Vega",NULL
"Norma Bailey",NULL
"Kirsten Johnson",NULL
"Martin Wood",NULL
"Hannah Fidell",NULL
"LP",NULL
"John Suits",NULL
"Weronika Tofilska",NULL
"Paul Wilmshurst",NULL
"Clay Kaytis",NULL
"Alex Ranarivelo",NULL
"Laura Mañá",NULL
"Carey McKenzie",NULL
"Timo Tjahjanto",NULL
"Hannes Holm",NULL
"Barbara Eder",NULL
"Shane Collins",NULL
"Robyn Grace",NULL
"Michael Sandager",NULL
"Jim Strouse",NULL
"Catriona McKenzie",NULL
"Kam-Keung Chan",NULL
"Ladislaus Kiraly",NULL
"James Pillion",NULL
"David Slade",NULL
"Mateo Gil",NULL
"Greg Campbell",NULL
"David Blair",NULL
"Travis Taute",NULL
"Jorge Michel Grau",NULL
"Rano Karno",NULL
"Tim Miller",NULL
"Geoff Meed",NULL
"Jeremy Webb",NULL
"Easy Ferrer",NULL
"Lucio A. Rojas",NULL
"Mardana M. Mayginnes",NULL
"Michael McKay",NULL
"Robbie Countryman",NULL
"Jake Schreier",NULL
"Anu Valia",NULL
"Sachin Yardi",NULL
"Sebastian Howard",NULL
"Agnieszka Smoczynska",NULL
"Ross Kauffman",NULL
"Albert Sharpe",NULL
"Matthias Temmermans",NULL
"Juan Felipe Cano",NULL
"Hèctor Hernández Vicens",NULL
"Gary Alazraki",NULL
"Pascal Verschooris",NULL
"Shawn Arranha",NULL
"Hisham Abed",NULL
"David Sandberg",NULL
"Matias Mariani",NULL
"P.J. Pesce",NULL
"Emmett Malloy",NULL
"E.L. Katz",NULL
"Riccardo Paoletti",NULL
"Jody Margolin Hahn",NULL
"Jussi Hiltunen",NULL
"Jeffrey Walker",NULL
"Frazer Bailey",NULL
"Adam Franklin",NULL
"Marcelo Páez Cubells",NULL
"Christopher Nolen",NULL
"Halder Gomes",NULL
"George Marshall",NULL
"Wash Westmoreland",NULL
"Matt D'Elia",NULL
"Manish Tiwary",NULL
"Brandon Nutt",NULL
"Kwak Jung-Hwan",NULL
"Roberto Santucci",NULL
"David Pablos",NULL
"Matt Charman",NULL
"Marek Losey",NULL
"Marc Waltman",NULL
"Jake Witzenfeld",NULL
"Rachel Mason",NULL
"Kwang-kyo Jin",NULL
"Hernán Zin",NULL
"Felix Thompson",NULL
"Sudabeh Mortezai",NULL
"Owen Egerton",NULL
"John Dahl",NULL
"Sebastián Schindel",NULL
"Peter Hutchings",NULL
"Michael Mayer",NULL
"Andrew Dosunmu",NULL
"Hernán Belón",NULL
"Benjamin Statler",NULL
"Sam Esmail",NULL
"Abdelhamid Bouchnak",NULL
"David Kendall",NULL
"David Benullo",NULL
"Axelle Laffont",NULL
"Jeremiah Zagar",NULL
"Jeff Byrd",NULL
"Toshiki Hirano",NULL
"Wagner de Assis",NULL
"Hans Herbots",NULL
"Marco Risi",NULL
"Marcin Wasilewski",NULL
"Christina Manrique",NULL
"Anthony Mandler",NULL
"Mana Yasuda",NULL
"Leslie H. Martinson",NULL
"Wei Ling Chang",NULL
"Mandy Clotworthy",NULL
"Tim MacKenzie-Smith",NULL
"Robin Blazak",NULL
"Naoyuki Tomomatsu",NULL
"Hong Khaou",NULL
"Daryne Joshua",NULL
"Bradley Cooper",NULL
"Jennifer Lynch",NULL
"Clement Virgo",NULL
"Vic Sarin",NULL
"Theo Love",NULL
"Michal Sledzinski",NULL
"Kitty Green",NULL
"Andrei Gruzsniczki",NULL
"Glenn Gaylord",NULL
"Marcus Graves",NULL
"Tamas Yvan Topolanszky",NULL
"Richard Terry",NULL
"Matt Earl Beesley",NULL
"Luis Pérez García",NULL
"Julius R. Nasso",NULL
"Andres Salaff",NULL
"Nicolás López",NULL
"Morgan Spurlock",NULL
"Ismail Farouk",NULL
"Dan Murdoch",NULL
"Hasraf Dulull",NULL
"Marçal Forés",NULL
"Wanuri Kahiu",NULL
"Ishaya Bako",NULL
"Hyeong-Cheol Kang",NULL
"Jean-Simon Chartier",NULL
"Todd Grimes",NULL
"Maurizio Zaccaro",NULL
"Hideo Nakata",NULL
"Ishi Rudell",NULL
"Tomonori Sudô",NULL
"Josh Mepham",NULL
"Jarand Herdal",NULL
"Robert Mulligan",NULL
"Juuso Syrjä",NULL
"Rachel Goldberg",NULL
"David Michôd",NULL
"Lancelot Oduwa Imasuen",NULL
"Nishikant Kamat",NULL
"Felix Binder",NULL
"Ernest Prakasa",NULL
"Yan Han",NULL
"Faruk Aksoy",NULL
"Luis Prieto",NULL
"Drake Doremus",NULL
"Vikram Gandhi",NULL
"Katrine Philp",NULL
"Avinash Walzade",NULL
"Michael Larnell",NULL
"Kenny Ortega",NULL
"Sevé Schelenz",NULL
"Paul Urkijo Alijo",NULL
"Weica Wang",NULL
"Ezel Akay",NULL
"Carlos Sorin",NULL
"Hallvard Bræin",NULL
"Tommy Wirkola",NULL
"Marko Mäkilaakso",NULL
"Fredrick Munk",NULL
"Michael Bay",NULL
"Leslie Kolins Small",NULL
"Axel Uriegas",NULL
"Robert Kiviat",NULL
"Josefine Kirkeskov",NULL
"Ali F. Mostafa",NULL
"Lisa Kors",NULL
"Seung-Won Lee",NULL
"Sanzhar Sultan",NULL
"Stephen Williams",NULL
"John Moore",NULL
"Karan Anshuman",NULL
"Alan Carter",NULL
"Bedran Güzel",NULL
"Ernie Barbarash",NULL
"Julien Hollande",NULL
"Daniel Vernon",NULL
"Matt Kugelman",NULL
"Dale Stern",NULL
"Isold Uggadottir",NULL
"Edoardo Ponti",NULL
"Bogdan Theodor Olteanu",NULL
"Mogens Hagedorn",NULL
"Darragh O'Connell",NULL
"Nick Gomez",NULL
"Tomohiko Itô",NULL
"Bassam Tariq",NULL
"Madeleine Gavin",NULL
"Arne Feldhusen",NULL
"Randall Lobb",NULL
"B.V. Nandini Reddy",NULL
"Marla Ancheta",NULL
"Nathan Hope",NULL
"M.J. Bassett",NULL
"Marcos Carnevale",NULL
"Kieran Galvin",NULL
"Hakan Algül",NULL
"Johan Nijenhuis",NULL
"Pawan Kripalani",NULL
"Jordan Galland",NULL
"Toby Parkinson",NULL
"Hiroki Yamaguchi",NULL
"Chandran Narikode",NULL
"Jennifer Kaytin Robinson",NULL
"Hasse Ekman",NULL
"Philip Sternberg",NULL
"Ben Chanan",NULL
"Shantrelle P. Lewis",NULL
"Jeremiah Hundley",NULL
"Buchi Babu Sana",NULL
"Catalina Aguilar Mastretta",NULL
"Amy Schumer",NULL
"Ahmad El-Badri",NULL
"Urs Schnell",NULL
"Mark Williams",NULL
"Adam Dubin",NULL
"Chun Wong",NULL
"Warren P. Sonoda",NULL
"Udai Singh Pawar",NULL
"Robert Townsend",NULL
"Pieter Verhoeff",NULL
"Ann Deborah Fishman",NULL
"Alexis Ostrander",NULL
"Oz Rodriguez",NULL
"Michèle Hozer",NULL
"Alex Pillai",NULL
"Sydney Sibilia",NULL
"Geoffrey Wing Shotz",NULL
"Vlad Zamfirescu",NULL
"Dylan Avery",NULL
"Leo McCrea",NULL
"Ben Lemoine",NULL
"Ben Falcone",NULL
"Kenneth Kainz",NULL
"Hernan Jimenez",NULL
"Blake Lemons",NULL
"Russell Mulcahy",NULL
"Justin Tipping",NULL
"Rob Zombie",NULL
"Sarah O'Gorman",NULL
"Jean-Stéphane Sauvaire",NULL
"Sara Mast",NULL
"Gerardo Olivares",NULL
"Max Hechtman",NULL
"Denis Rovira van Boekholt",NULL
"Stephen T. Maing",NULL
"Aleksandr Chernyaev",NULL
"Brian Caunter",NULL
"Jorge Hernandez Aldana",NULL
"Kimo Stamboel",NULL
"Younuts",NULL
"Sam Wrench",NULL
"Clementine Malpas",NULL
"Lee Fulkerson",NULL
"Jordan Brady",NULL
"Ruchi Narain",NULL
"Pedro Flores Maldonado",NULL
"Dennie Gordon",NULL
"Jen Bennett",NULL
"Pedring Lopez",NULL
"Umesh Bist",NULL
"Michelle Johnston",NULL
"Melissa Benoist",NULL
"John Sturges",NULL
"Stephen McKendree",NULL
"Ric Roman Waugh",NULL
"Ernest R. Dickerson",NULL
"Lasja Fauzia",NULL
"Sunu Gonera",NULL
"David Barrett",NULL
"Tony E. Valenzuela",NULL
"Shinji Aramaki",NULL
"Jennifer Getzinger",NULL
"Jeremiah Jones",NULL
"Fabrice du Welz",NULL
"Sarmad Masud",NULL
"Sanjay Soorkar",NULL
"Chris Rock",NULL
"Clark Johnson",NULL
"Brenda Strong",NULL
"Aneesh Chaganty",NULL
"Ladislas Chollat",NULL
"Christopher Louie",NULL
"Nick Sumida",NULL
"Ozan Açiktan",NULL
"Alex Infascelli",NULL
"David Cross",NULL
"Sang-ho Yeon",NULL
"John Holiday",NULL
"Tim Hill",NULL
"Jota Linares",NULL
"Antonio Hernández",NULL
"Dani de la Orden",NULL
"Chung-Hyun Lee",NULL
"Imtiaz Ali",NULL
"Michael Dante DiMartino",NULL
"Johnny Barbuzano",NULL
"David Dwooman Woo",NULL
"Dara Horenblas",NULL
"Shirley Frimpong-Manso",NULL
"Barbara Bredero",NULL
"Dakxin Bajrange",NULL
"Nai-Hoi Yau",NULL
"Katina Medina Mora",NULL
"Hugo Gélin",NULL
"Eric Aghimien",NULL
"Tom Verica",NULL
"Katt Shea",NULL
"Adam McKay",NULL
"Megan Griffiths",NULL
"Niyi Akinmolayan",NULL
"Kaare Andrews",NULL
"Jim Fogarty",NULL
"Francis Lawrence",NULL
"Michael Paul Stephenson",NULL
"Chris Donovan",NULL
"Piotr Domalewski",NULL
"Bruce Koehler",NULL
"Reinhard Klooss",NULL
"Kennedy Goldsby",NULL
"Thomas L. Callaway",NULL
"Esteban Crespo",NULL
"Marja-Lewis Ryan",NULL
"Billy Corben",NULL
"Gonzalo Bendala",NULL
"Ángeles Reiné",NULL
"Michael Polish",NULL
"Matthew Coppola",NULL
"Leszek Dawid",NULL
"Fernando Trullols",NULL
"Drew Goddard",NULL
"Vicky Jewson",NULL
"Richard Holm",NULL
"Sean Olson",NULL
"Alrick Riley",NULL
"Chia-Liang Liu",NULL
"Olivier Afonso",NULL
"Katherine Fairfax Wright",NULL
"Wes Miller",NULL
"Ragnar Hyltén-Cavallius",NULL
"Jesper W. Nielsen",NULL
"Pablo Parés",NULL
"Jeff Wadlow",NULL
"Mark O'Connor",NULL
"Jan Belcl",NULL
"Ineke Houtman",NULL
"Ed Perkins",NULL
"Arthur Muhammad",NULL
"Ryan Shiraki",NULL
"Morgan Sackett",NULL
"Ben Jehoshua",NULL
"Ian Samoil",NULL
"Jonathan Helpert",NULL
"Raj Amit Kumar",NULL
"Angga Dwimas Sasongko",NULL
"David Emmings",NULL
"Gideon Raff",NULL
"Caroline Bell Booth",NULL
"Colm McCarthy",NULL
"Sian Davies",NULL
"Adam Marino",NULL
"Mohamed Hamdy",NULL
"Rudolf Buitendach",NULL
"Tatsushi Ohmori",NULL
"Mahsun Kirmizigül",NULL
"Rob Lücker",NULL
"Dean White",NULL
"Bruce Ricker",NULL
"Alan Ereira",NULL
"Hideaki Ôba",NULL
"Kunihiko Yuyama",NULL
"Anthony Gonzales",NULL
"Jae-hyun Jang",NULL
"Grant Singer",NULL
"David Oyelowo",NULL
"Tebogo Malope",NULL
"Silver Tree",NULL
"Rachel Lears",NULL
"Nancy Leopardi",NULL
"Takashi Kamei",NULL
"Leandro Neri",NULL
"Ali Akbarzadeh",NULL
"Jonathan Entwistle",NULL
"Jaume Balagueró",NULL
"Julio Quintana",NULL
"Sydney Freeland",NULL
"Dave Schram",NULL
"Larry Jacobs",NULL
"Mario Diaz",NULL
"Valerie Weiss",NULL
"Alexandre Laurent",NULL
"Robin Aubert",NULL
"Madonne Ashwin",NULL
"Swapnaneel Jaykar",NULL
"Ramin Bahrani",NULL
"Bejoy Nambiar",NULL
"Prakash Mehra",NULL
"Leslie Small",NULL
"Dan Berlinka",NULL
"Armen V. Kevorkian",NULL
"Guillermo de Oliveira",NULL
"Geun-hyun Cho",NULL
"Sylvain White",NULL
"Anya Adams",NULL
"Lauren Andrews",NULL
"Jim Lindsay",NULL
"Brian Yorkey",NULL
"Julie Delpy",NULL
"Bradley Walsh",NULL
"Reinout Oerlemans",NULL
"Magdi El-Hawari",NULL
"Salim Akil",NULL
"Kim Nguyen",NULL
"Andy Nyman",NULL
"Eduardo Rodriguez",NULL
"Michael Hoffman",NULL
"Jean Luc Herbulot",NULL
"Sameer Saxena",NULL
"Mark Robert Ellis",NULL
"Shara Angell",NULL
"Lev L. Spiro",NULL
"Pablo D'Alo Abba",NULL
"Paul Thomas Anderson",NULL
"Mohammed Hussain",NULL
"Angelo Abela",NULL
"Aaron Long",NULL
"Víctor García",NULL
"Fernando Colomo",NULL
"Uluç Bayraktar",NULL
"Arne Toonen",NULL
"Tim Hunter",NULL
"Brandi Bradburn",NULL
"Andrew McCarthy",NULL
"Iulia Rugina",NULL
"Christine Luby",NULL
"Emily Hagins",NULL
"Ryan Bellgardt",NULL
"Jeremy Haft",NULL
"Jeffrey Blitz",NULL
"Victor Solorio",NULL
"Carlos Moreno",NULL
"Noboru Iguchi",NULL
"Lauren Iungerich",NULL
"Santiago Menghini",NULL
"Min-ho Woo",NULL
"Cal Seville",NULL
"Tammi Sutton",NULL
"Colin Edward Lawrence",NULL
"Adam Silver",NULL
"Brian Spitz",NULL
"Pascal Amanfo",NULL
"Manuel Gómez Pereira",NULL
"Matt Ahrens",NULL
"Scott Aukerman",NULL
"Adam Randall",NULL
"Brett Harvey",NULL
"Colin Barnicle",NULL
"Mahmood Karim",NULL
"Teo Konuralp",NULL
"Andrea De Sica",NULL
"Michael Drumm",NULL
"Andi Armaganian",NULL
"Simon Stone",NULL
"Antonio Negret",NULL
"Juan Carlos Rulfo",NULL
"Michael James Regan",NULL
"Jérémy Clapin",NULL
"Lianne Hughes",NULL
"Kivanç Baruönü",NULL
"Sudz Sutherland",NULL
"Sherwin Shilati",NULL
"Bharat Jain",NULL
"Harry Keller",NULL
"Simon Napier-Bell",NULL
"Lô Politi",NULL
"Berkun Oya",NULL
"Goran Kapetanovic",NULL
"Kevin Alejandro",NULL
"Ian Samuels",NULL
"Iren Brown",NULL
"Marcio Garcia",NULL
"Louis J. Horvitz",NULL
"Ashish R. Shukla",NULL
"Kelly Duane",NULL
"Diana Whitten",NULL
"Sam Feder",NULL
"Massimo Venier",NULL
"Carlos Sedes",NULL
"Mandla Dube",NULL
"Lars Montag",NULL
"Zao Wang",NULL
"Mary Lou Belli",NULL
"Chris Robinson",NULL
"Régis Blondeau",NULL
"Adarsh Eshwarappa",NULL
"Max Makowski",NULL
"Hayley MacFarlane",NULL
"Aaron Sorkin",NULL
"Leslie Hope",NULL
"Laura Terruso",NULL
"Richard Sears",NULL
"Gökhan Tiryaki",NULL
"Jason Zeldes",NULL
"Lena Koppel",NULL
"Tarun Mansukhani",NULL
"Sophon Sakdaphisit",NULL
"Bernardo Arellano",NULL
"Josh Heald",NULL
"Maria Ripoll",NULL
"Sara Johnsen",NULL
"Brian Smith",NULL
"Thom Kerr",NULL
"Shih-Han Liao",NULL
"Ekene Som Mekwunye",NULL
"Gregory Smith",NULL
"Aytaç Agirlar",NULL
"Sam Deats",NULL
"Lee Thongkham",NULL
"Giulio Base",NULL
"Tarek Alarian",NULL
"Wi Ding Ho",NULL
"Sarah Spillane",NULL
"Mark Raso",NULL
"Kenny Young",NULL
"King Vidor",NULL
"Alessandro Siani",NULL
"Ross Boyask",NULL
"David Lynch",NULL
"Oz Perkins",NULL
"Su-chang Kong",NULL
"Daniel Pacífico",NULL
"Saratswadee Wongsomphet",NULL
"Kenny Leon",NULL
"Lang Fisher",NULL
"Curtis Lelash",NULL
"Siddique",NULL
"Won-Chan Hong",NULL
"Mustafa Kazan",NULL
"Alfonso Cuarón",NULL
"Joseph Carolei",NULL
"Edward Berger",NULL
"Elizabeth Allen Rosenbaum",NULL
"Viet Nguyen",NULL
"Terrie Samundra",NULL
"Claudia Yarmy",NULL
"Shakun Batra",NULL
"Jasmine D'Souza",NULL
"Jessica Harmon",NULL
"Navot Papushado",NULL
"T.T. Dhavamanni",NULL
"Jingming Guo",NULL
"Xavier Durringer",NULL
"Deepa Mehta",NULL
"Dany Boon",NULL
"Crystle Roberson",NULL
"Albert Pintó",NULL
"Erik Canuel",NULL
"Julius Onah",NULL
"Brie Larson",NULL
"Sudhanshu Saria",NULL
"Noviandra Santosa",NULL
"Richard Correll",NULL
"Kyzza Terrazas",NULL
"Will Yapp",NULL
"Arkasha Stevenson",NULL
"Fajar Bustomi",NULL
"David Dobkin",NULL
"Frank Rajah Arase",NULL
"Anthony Bell",NULL
"Ali Tabrizi",NULL
"Diego Velasco",NULL
"Serdar Akar",NULL
"Nailah Wright",NULL
"Lucy Cohen",NULL
"Nicole van Kilsdonk",NULL
"Lluís Segura",NULL
"Brittany Andrews",NULL
"Emma Freeman",NULL
"Michael Weaver",NULL
"Olivia Milch",NULL
"David Charhon",NULL
"Ronnie Warner",NULL
"Bruno Garotti",NULL
"Diego Pignataro",NULL
"Richard Trank",NULL
"Numa Perrier",NULL
"Tony Goldwyn",NULL
"Ariel Boles",NULL
"Roman White",NULL
"Paul Fox",NULL
"Aleksey German Jr.",NULL
"Peter Sollett",NULL
"David Harewood",NULL
"Jason Loveland",NULL
"Federico Untermann",NULL
"Julián Hernández",NULL
"David Wnendt",NULL
"Vince Rotonda",NULL
"Lasse Hallström",NULL
"Vlad Paunescu",NULL
"Krysia Plonka",NULL
"Gregory Jacobs",NULL
"Yoshiyuki Momose",NULL
"Kepa Sojo",NULL
"Johnny Allan",NULL
"Christian Schwochow",NULL
"Rizal Mantovani",NULL
"Jason Winer",NULL
"Eric Bilitch",NULL
"Mike Doyle",NULL
"Eva Trobisch",NULL
"Dave Meyers",NULL
"Millicent Shelton",NULL
"Janet Mock",NULL
"Matthew Shoychet",NULL
"Agustí Villaronga",NULL
"Chris Lilley",NULL
"Vasan Bala",NULL
"Zulkarnain Azhar",NULL
"Park Hoon-jung",NULL
"Chester Tam",NULL
"Gösta Werner",NULL
"Santiago Palavecino",NULL
"Thom Zimny",NULL
"Richard Weston",NULL
"Nicolas Boukhrief",NULL
"Daniel Arasanz",NULL
"Jose Manuel Colón Armario",NULL
"Jesse Peretz",NULL
"Helena Bergström",NULL
"Mati Diop",NULL
"Donick Cary",NULL
"Jessica Dimmock",NULL
"Alex Zamm",NULL
"Hanelle M. Culpepper",NULL
"David DeCoteau",NULL
"Yoshifumi Kondô",NULL
"Stephanie Linus",NULL
"Lukas Dhont",NULL
"Joe Robert Cole",NULL
"Thane Economou",NULL
"Adam Bernstein",NULL
"Isaac Ezban",NULL
"Steven Brill",NULL
"Mauricio Eça",NULL
"David Petrarca",NULL
"Kazuki Kaneshiro",NULL
"Neeraj Udhwani",NULL
"Mark Harris",NULL
"Aleysa Young",NULL
"Marco Pontecorvo",NULL
"Chadd Harbold",NULL
"Archie Hekagery",NULL
"Ross Venokur",NULL
"Marcus Stokes",NULL
"Jeremy Power Regimbal",NULL
"Justin Krook",NULL
"Jonás Trueba",NULL
"Robert M. Wise",NULL
"Elaine McMillion Sheldon",NULL
"Emre Kabakusak",NULL
"Just Philippot",NULL
"Harry Bradbeer",NULL
"Noriyuki Abe",NULL
"Jennifer Morrison",NULL
"Peter Bishai",NULL
"Hannu Salonen",NULL
"Carrie Cracknell",NULL
"Alastair Fothergill",NULL
"Burcu Alptekin",NULL
"Menno Meyjes",NULL
"Ami Canaan Mann",NULL
"Christopher Dorrah",NULL
"Amyn Kaderali",NULL
"Diego Martínez Ulanosky",NULL
"Bryan Fogel",NULL
"Kurt Engfehr",NULL
"Hal Hartley",NULL
"Chris Peppe",NULL
"Paul Greengrass",NULL
"Brent Dawes",NULL
"Darren Lynn Bousman",NULL
"Peter Thorwarth",NULL
"Nirpal Bhogal",NULL
"Luis Estrada",NULL
"Inma Torrente",NULL
"George Gallo",NULL
"Tosin Coker",NULL
"Will Koopman",NULL
"Dae-seung Kim",NULL
"Ford Austin",NULL
"Takafumi Hatano",NULL
"Ricky Staub",NULL
"Michael Dowse",NULL
"Bharat Nalluri",NULL
"Barbara Bialowas",NULL
"Tomas Portella",NULL
"Werner Herzog",NULL
"Prabhakaran",NULL
"Joko Anwar",NULL
"David Sutherland",NULL
"Tamara Jenkins",NULL
"Ivan Ayr",NULL
"Pablo Agüero",NULL
"Mark Myers",NULL
"Christoph Schrewe",NULL
"Alice Wu",NULL
"Jadesola Osiberu",NULL
"Daniel de la Vega",NULL
"Rawson Marshall Thurber",NULL
"Andy Cadiff",NULL
"Julien Abraham",NULL
"Darnell Martin",NULL
"Rob Meyer",NULL
"Michael Schmidt",NULL
"Kimble Rendall",NULL
"Douglas Attal",NULL
"Keith Holland",NULL
"Brian Mainolfi",NULL
"Joe Fria",NULL
"Lauren Morelli",NULL
"Jake Wade Wall",NULL
"Cris D'Amato",NULL
"Amy Winfrey",NULL
"Oleg Trofim",NULL
"Tom O'Brien",NULL
"Mijke de Jong",NULL
"Jakob Lass",NULL
"Daniel Minahan",NULL
"Alex Burunova",NULL
"Eléonore Pourriat",NULL
"Matthias Schweighöfer",NULL
"Jeff Tremaine",NULL
"Jennifer Yuh Nelson",NULL
"Amr Arafa",NULL
"Igor Gotesman",NULL
"Gerardo Gatica González",NULL
"Joseph H. Lewis",NULL
"Pierre Coré",NULL
"Tristram Shapeero",NULL
"Adamo P. Cultraro",NULL
"Trevor Sands",NULL
"Sandi Tan",NULL
"Magnus Martens",NULL
"Barbara Wong Chun-Chun",NULL
"Grant Sputore",NULL
"Christopher J. Byrne",NULL
"Mårten Klingberg",NULL
"Jocelyn Moorhouse",NULL
"Park Bum-Soo",NULL
"Marisol Adler",NULL
"Jon Greenhalgh",NULL
"Praveen Kandregula",NULL
"Shin'ichi Matsumi",NULL
"Kae-Byeok Lee",NULL
"Cedric Nicolas-Troyan",NULL
"Linda Mendoza",NULL
"Jeymes Samuel",NULL
"Kyohei Ishiguro",NULL
"Awol Erizku",NULL
"Christofer Graham",NULL
"Christina Voros",NULL
"Andrea Tagliaferri",NULL
"Daniel Gray Longino",NULL
"Martin Zandvliet",NULL
"Menhaj Huda",NULL
"Rene Liu",NULL
"Philip Koch",NULL
"Antonio Chavarrías",NULL
"Stephen Woolfenden",NULL
"Michael Hurst",NULL
"Krishna Vamsi",NULL
"Wade Gasque",NULL
"Blake Davis",NULL
"Brett Donowho",NULL
"Hugo Stuven",NULL
"Alex Merkin",NULL
"Paul Solet",NULL
"Rizki Balki",NULL
"Zachary Heinzerling",NULL
"Mark Verkerk",NULL
"Elaine Bogan",NULL
"Joyce Wong",NULL
"Conor McMahon",NULL
"Kyle Newacheck",NULL
"Paul Negoescu",NULL
"Danny Roew",NULL
"Jeremy LaLonde",NULL
"Tim Fywell",NULL
"Maria Schrader",NULL
"Christopher Guest",NULL
"Jack Arnold",NULL
"Junior Marques",NULL
"Amy Poehler",NULL
"Pan Nalin",NULL
"Eddie Rosas",NULL
"Farah Khan",NULL
"Jovanka Vuckovic",NULL
"Romain Gavras",NULL
"Franck Phelizon",NULL
"Max McGuire",NULL
"Giancarlo Volpe",NULL
"Anna Foerster",NULL
"Jude Okwudiafor Johnson",NULL
"Jeff Chan",NULL
"Dong-kyu Kim",NULL
"Gajendra Ahire",NULL
"Tony Ayres",NULL
"John Gray",NULL
"J. Michael Long",NULL
"Eva Orner",NULL
"Tolga Örnek",NULL
"Stephen Chiodo",NULL
"Zak Hilditch",NULL
"Florian Gottschick",NULL
"Tom Stern",NULL
"Cooper Karl",NULL
"León Siminiani",NULL
"Hong-seon Kim",NULL
"Michael Feifer",NULL
"Ivan Hurzeler",NULL
"Joseph Garner",NULL
"Alejandro Agresti",NULL
"Matt Sobel",NULL
"Joel Kazuo Knoernschild",NULL
"Bille Woodruff",NULL
"Shaunt Nigoghossian",NULL
"Nancy Meyers",NULL
"Shaun Rana",NULL
"Matthew Parcher",NULL
"Phil Volken",NULL
"Riccardo Milani",NULL
"David Rodriguez",NULL
"Lasse Åberg",NULL
"Garth Jennings",NULL
"Tom DeNucci",NULL
"Roberto Capucci",NULL
"Ekwa Msangi",NULL
"Sarthak Dasgupta",NULL
"Natalia Anderson",NULL
"Giacomo Campiotti",NULL
"Namron",NULL
"Paul Becker",NULL
"Roberto Berliner",NULL
"James Brolin",NULL
"David Oelhoffen",NULL
"Amanda Richardson",NULL
"Gus Holwerda",NULL
"Stefon Bristol",NULL
"Leila Djansi",NULL
"Marco Ponti",NULL
"Alain Darborg",NULL
"Pernilla August",NULL
"Sanaa Hamri",NULL
"Seung Eun Kim",NULL
"Yance Ford",NULL
"William Nicholson",NULL
"Brett Morgen",NULL
"Manolo Caro",NULL
"Isao Yukisada",NULL
"Lino Escalera",NULL
"Jay Bulger",NULL
"David Rogers",NULL
"John Woo",NULL
"Anvita Dutt",NULL
"Vikram Bhatt",NULL
"Tyler Greco",NULL
"Chris Appelhans",NULL
"Danielle Panabaker",NULL
"Vince Gilligan",NULL
"Betsy Thomas",NULL
"Mike Rohl",NULL
"Mike Nichols",NULL
"Hae-Young Lee",NULL
"David Wain",NULL
"Buta Singh",NULL
"Ryan Crego",NULL
"Dan Hunt",NULL
"Pablo Giorgelli",NULL
"Mira Nair",NULL
"Lucy Walker",NULL
"Eric Laneuville",NULL
"Pavel Khvaleev",NULL
"Nick Sandow",NULL
"Matthew Reilly",NULL
"Frank Lammers",NULL
"Ferdinando Cito Filomarino",NULL
"Steven de Jong",NULL
"Lance Bangs",NULL
"Keoni Waxman",NULL
"Pamela Fryman",NULL
"Riccardo Pellizzeri",NULL
"Pupi Avati",NULL
"Jenny Popplewell",NULL
"Hyuk Byun",NULL
"Kasper Gaardsøe",NULL
"Dave Patten",NULL
"Scott Waugh",NULL
"Detlev Buck",NULL
"David E. Talbert",NULL
"S.S. Wilson",NULL
"Elisabeth Vogler",NULL
"Munish Bhardwaj",NULL
"Mu Chu",NULL
"Álvaro Brechner",NULL
"Alberto Belli",NULL
"Luis Lopez",NULL
"Caroline Suh",NULL
"Stanley Nelson",NULL
"Thadd Turner",NULL
"Weiran Li",NULL
"David Galán Galindo",NULL
"Jorge Torregrossa",NULL
"Tage Danielsson",NULL
"Tessa Schram",NULL
"Peter Merryman",NULL
"Domenico Emanuele de Feudis",NULL
"Chris Smith",NULL
"Peter Lindmark",NULL
"Katarina Launing",NULL
"Doesjka van Hoogdalem",NULL
"Carlos Morett",NULL
"Ben Bjelajac",NULL
"Kheiron",NULL
"Carlo Fusco",NULL
"Kenyon Grey",NULL
"Leo Riley",NULL
"Burak Aksak",NULL
"Lauren Wolkstein",NULL
"Rob Burnett",NULL
"Mariano Dawidson",NULL
"Ildikó Enyedi",NULL
"Humberto Hinojosa Ozcariz",NULL
"Annabel Oakes",NULL
"Tasha Smith",NULL
"Maïmouna Doucouré",NULL
"Zoe Berriatúa",NULL
"Lauren Miller Rogen",NULL
"Alex Holmes",NULL
"Jim Mickle",NULL
"J.E. Tiglao",NULL
"Mohit Suri",NULL
"Hanung Bramantyo",NULL
"Steve Ball",NULL
"Tyler Spindel",NULL
"Enzo Monteleone",NULL
"Rodrigo Blaas",NULL
"Justin G. Dyck",NULL
"Fernando Lebrija",NULL
"Amanda Marsalis",NULL
"Ferzan Ozpetek",NULL
"Terry George",NULL
"Renuka Shahane",NULL
"Flavio Florencio",NULL
"Chris Bolan",NULL
"Lucky Kuswandi",NULL
"Karthik Subbaraj",NULL
"Max Landis",NULL
"Larry Clark",NULL
"Jason Bourque",NULL
"Fouad Mikati",NULL
"Fab 5 Freddy",NULL
"David Casademunt",NULL
"Riccardo Donna",NULL
"Ryuichi Hiroki",NULL
"Thomas Meadmore",NULL
"Eric Juhola",NULL
"Marco Bonfanti",NULL
"James Yang",NULL
"Sofia Alvarez",NULL
"Michael Field",NULL
"Jason Cabell",NULL
"Umut Aral",NULL
"Frederikke Aspöck",NULL
"Alexis Morante",NULL
"Adam Berg",NULL
"Sukhum Mathawanit",NULL
"Onur Tukel",NULL
"Hannes Stöhr",NULL
"Girish Malik",NULL
"Paul Spurrier",NULL
"Cory Edwards",NULL
"Sarah Walker",NULL
"Ruud Dirkse",NULL
"Po-Chih Leong",NULL
"Antongiulio Panizzi",NULL
"Alex Orwell",NULL
"Josh Oreck",NULL
"David Yarovesky",NULL
"Miguel Ángel Vivas",NULL
"Karla Braun",NULL
"Edouard Salier",NULL
"Michael Burke",NULL
"Elissa Down",NULL
"Frank Coraci",NULL
"Liam Gavin",NULL
"Ben Wheatley",NULL
"Sam Hill",NULL
"Devashish Makhija",NULL
"Daniel Prochaska",NULL
"Sylvie Verheyde",NULL
"Brian Knappenberger",NULL
"Emmanuel Mouret",NULL
"Charles Hood",NULL
"Anurag Kashyap",NULL
"Olivier Marchal",NULL
"Eva Longoria",NULL
"Hua-Tao Teng",NULL
"Mike Gunther",NULL
"Jeff Hare",NULL
"Yvonne Debeaumarché",NULL
"Spike Lee",NULL
"Tom Lowry",NULL
"Mauro Scandolari",NULL
"Gyan Correa",NULL
"Rian Johnson",NULL
"Ravikanth Perepu",NULL
"Pedro Antônio Paes",NULL
"Harald Zwart",NULL
"Prentice Penny",NULL
"Khalid Marie",NULL
"Hakan Yonat",NULL
"Bret Haaland",NULL
"Tamra Davis",NULL
"Rohit Mittal",NULL
"Edward Bazalgette",NULL
"Alethea Jones",NULL
"Vivek Agnihotri",NULL
"Tobi Baumann",NULL
"Jane Campion",NULL
"Diego Cohen",NULL
"Cindy Chupack",NULL
"Alexandre Reinecke",NULL
"Christopher Ashley",NULL
"Lars Damoiseaux",NULL
"Kenneth R. Close",NULL
"N.S. Raj Bharath",NULL
"Fabrizio Costa",NULL
"Bill Markham",NULL
"Monica Floyd",NULL
"Alberto Rodríguez",NULL
"Michael Tierney",NULL
"David M. Rosenthal",NULL
"Kim Farrant",NULL
"Marlene Melchior",NULL
"Lukasz Kosmicki",NULL
"Michael Duggan",NULL
"Ishaan Trivedi",NULL
"Philip Marlatt",NULL
"Søren Balle",NULL
"Marcus Raboy",NULL
"Jim Hanon",NULL
"Renato Siqueira",NULL
"Lance Kawas",NULL
"Nely Reguera",NULL
"Vicente Villanueva",NULL
"Felipe Martínez Amador",NULL
"Mike Disa",NULL
"Joaquín Mazón",NULL
"Noël Wells",NULL
"Dev Patel",NULL
"Ken Whittingham",NULL
"Jayan Moodley",NULL
"Caradog W. James",NULL
"Aadish Keluskar",NULL
"Michael Barnett",NULL
"Michael Cliett",NULL
"Ryan Polito",NULL
"Sophia Nahli Allison",NULL
"Mikhail Red",NULL
"Jeff Schaffer",NULL
"Michele Placido",NULL
"Tedy Necula",NULL
"Gareth Crocker",NULL
"Antoinette Beumer",NULL
"Pieter Van Hees",NULL
"Fernando Bassi",NULL
"Daniel Calparsoro",NULL
"July Hygreck",NULL
"Dallas Jackson",NULL
"Robert Stevenson",NULL
"Matt D'Avella",NULL
"Fernando Meirelles",NULL
"Nathan Wiley",NULL
"Serge Ou",NULL
"Joss Agnew",NULL
"Puneet Khanna",NULL
"Javier Colinas",NULL
"Anders Nilsson",NULL
"Alfons Adetuyi",NULL
"Matt Askem",NULL
"J.J. Perry",NULL
"James McTeigue",NULL
"Hilde Van Mieghem",NULL
"Richard Linklater",NULL
"Malgorzata Imielska",NULL
"Stéphane de Freitas",NULL
"Colleen Patrick",NULL
"Amanda Row",NULL
"Dave Needham",NULL
"Lin Oeding",NULL
"Pushpendra Nath Misra",NULL
"Hani Hamdi",NULL
"Stefano Mordini",NULL
"Shannon Kohli",NULL
"Mar Targarona",NULL
"Josephine Decker",NULL
"Christopher Jenkins",NULL
"Andy Mikita",NULL
"Thomas Michael",NULL
"Dick Maas",NULL
"Ketche",NULL
"Alessandro D'Alatri",NULL
"Alfonso Cortés-Cavanillas",NULL
"Michael Cuesta",NULL
"Hannah Quinn",NULL
"Dwayne Hurt",NULL
"Patricia Font",NULL
"Juan Minujín",NULL
"Mike Clattenburg",NULL
"Radium Cheung",NULL
"Júlia Pacheco Jordão",NULL
"Bolanle Austen-Peters",NULL
"Tima Shomali",NULL
"Daniel Sánchez Arévalo",NULL
"Justin Le Pera",NULL
"Francisco Ruiz-Velasco",NULL
"Marcus Baldini",NULL
"Mike Barker",NULL
"Jessika Borsiczky",NULL
"Julius Amedume",NULL
"Marvin Kren",NULL
"Hans Alfredson",NULL
"Ken Kushner",NULL
"Yûki Hara",NULL
"Blitz Bazawule",NULL
"Troy Miller",NULL
"Shree Narayan Singh",NULL
"Margherita Ferri",NULL
"Melissa Joan Hart",NULL
"Mark Monheim",NULL
"Hiroyuki Seshita",NULL
"Budd Boetticher",NULL
"Tyler Shields",NULL
"Jason Orley",NULL
"Conor Allyn",NULL
"Erik Richter Strand",NULL
"Philipp Kadelbach",NULL
"Renuka Jeyapalan",NULL
"Olaf de Fleur Johannesson",NULL
"Neal Brennan",NULL
"Michael Steiner",NULL
"Rohit Jugraj",NULL
"Tinge Krishnan",NULL
"Rakeysh Omprakash Mehra",NULL
"Santiago Alvarado Ilarri",NULL
"Jim Field Smith",NULL
"Richard Lehrer",NULL
"Oz Scott",NULL
"Annette K. Olesen",NULL
"Joseph Chen-Chieh Hsu",NULL
"Houda Benyamina",NULL
"Keishi Ohtomo",NULL
"Kabir Bhatia",NULL
"Martina Hache",NULL
"Aprill Winney",NULL
"Roxanne Benjamin",NULL
"Casper Andreas",NULL
"Olivier Assayas",NULL
"Mike Newell",NULL
"J. Craig Thompson",NULL
"Greg Pritikin",NULL
"Vijay Jayapal",NULL
"Nicole Holofcener",NULL
"Apurva Dhar Badgaiyann",NULL
"Jesse Gustafson",NULL
"Bille August",NULL
"Andrew Dominik",NULL
"Tikki Collins",NULL
"Sai Kabir",NULL
"Jannik Johansen",NULL
"Levan Tsikurishvili",NULL
"Dorian Fernández-Moris",NULL
"Peter Sullivan",NULL
"Siew Hua Yeo",NULL
"Vishal Pandya",NULL
"Shawn Baker",NULL
"Yûki Yamato",NULL
"Peter Joseph",NULL
"Cüneyt Kaya",NULL
"Joey So",NULL
"Gabriel Correa",NULL
"Mark Steven Johnson",NULL
"Takashi Yamazaki",NULL
"Tig Notaro",NULL
"Greg Sullivan",NULL
"Alexandre Moratto",NULL
"Yoshihiro Fukagawa",NULL
"Alysse Leite-Rogers",NULL
"Simon Rumley",NULL
"Nick Murray",NULL
"Patricio Valladares",NULL
"Joseph P. Genier",NULL
"Paul Tanter",NULL
"Pia Sukanya",NULL
"Umberto Marino",NULL
"Peter Collinson",NULL
"Emmanuel Amara",NULL
"Ciarán Foy",NULL
"Beth McCarthy-Miller",NULL
"Ed Fraiman",NULL
"Monika Jordan-Mlodzianowska",NULL
"Sung-hee Jo",NULL
"Johny Antony",NULL
"Harry Jierjian",NULL
"David Frankel",NULL
"Gregg Champion",NULL
"Bradford May",NULL
"Anna Elizabeth James",NULL
"Michael Lockshin",NULL
"Matt Thompson",NULL
"Lena Khan",NULL
"Alejandro Brugués",NULL
"Hans Somers",NULL
"Stuart Heisler",NULL
"Yam Laranas",NULL
"Jeremy Podeswa",NULL
"Gilles Paquet-Brenner",NULL
"Robert Cohen",NULL
"Macon Blair",NULL
"Asep Kusdinar",NULL
"Anthony Mann",NULL
"Antonin Baudry",NULL
"Michael Simon",NULL
"Hadrian Marcu",NULL
"Tommy Lohmann",NULL
"Bob Byington",NULL
"Anthony Lioi",NULL
"Salvador Espinosa",NULL
"Tomasz Lesniak",NULL
"Hsin-yao Huang",NULL
"Julien Leclercq",NULL
"Francis Whately",NULL
"Paul Miller",NULL
"Rebecca Hall",NULL
"Jessica Yu",NULL
"Enrique García Meza",NULL
"Mädchen Amick",NULL
"Shô Miyake",NULL
"Marcus A. Clarke",NULL
"Gabriele Mainetti",NULL
"Nick Hamm",NULL
"Pairach Khumwan",NULL
"Mads Matthiesen",NULL
"Anders Morgenthaler",NULL
"Michael Showalter",NULL
"Henrik Martin Dahlsbakken",NULL
"Rachel Talalay",NULL
"J Blakeson",NULL
"Simon Otto",NULL
"Peter Lepeniotis",NULL
"Yô Yoshinari",NULL
"Chris Stokes",NULL
"Alex Richanbach",NULL
"Jeffrey W. Byrd",NULL
"Florian Baxmeyer",NULL
"Ellen Brown",NULL
"Davide Marengo",NULL
"Ayush Raina",NULL
"Robert Jaszczurowski",NULL
"Hüseyin Tabak",NULL
"Brad Silberling",NULL
"Mark Cendrowski",NULL
"Aniëlle Webster",NULL
"Richard Shepard",NULL
"Yann Gozlan",NULL
"Henry Selick",NULL
"Anne Sewitsky",NULL
"Malik Nejer",NULL
"Won Suk Kim",NULL
"Tarek Abd Elmoaty",NULL
"Ram Madhvani",NULL
"Robert Radler",NULL
"Luis Ismael",NULL
"Jeff Orlowski",NULL
"Xavier Gens",NULL
"Rebecca Zlotowski",NULL
"Kenneth Cran",NULL
"Andy Byatt",NULL
"Daniel Mendelle",NULL
"Bronwen Hughes",NULL
"Clay Glen",NULL
"Santiago Segura",NULL
"Milind Rau",NULL
"Elliott Lester",NULL
"Jude Weng",NULL
"Isaac Rentz",NULL
"R. Ellis Frazier",NULL
"Jessy Terrero",NULL
"Joshua Marston",NULL
"Susan Johnson",NULL
"Michael Margolis",NULL
"Dilip Mehta",NULL
"Frank Krom",NULL
"Raditya Dika",NULL
"Charles Martin",NULL
"Olivier Abbou",NULL
"Quyen Tran",NULL
"Nicholas Zeig-Owens",NULL
"Toby Meakins",NULL
"Joseph John Barmettler",NULL
"Genevieve Nnaji",NULL
"Kike Maíllo",NULL
"Anne Wheeler",NULL
"Martin Webb",NULL
"Alex Beaty",NULL
"Yulene Olaizola",NULL
"Steph Green",NULL
"Ryan Rothmaier",NULL
"Yoon Sunghyun",NULL
"Iñaki Mercero",NULL
"Joe Mantello",NULL
"Shaun Paul Piccinino",NULL
"Ally Pankiw",NULL
"Ole Endresen",NULL
"Lisa France",NULL
"Jamie Babbit",NULL
"Ian MacNaughton",NULL
"Miguel Alcantud",NULL
"Turkan Derya",NULL
"Simon Barry",NULL
"Ivan Silvestrini",NULL
"Fernando Coimbra",NULL
"Khoa Le",NULL
"Matthijs van Heijningen Jr.",NULL
"Sebastián Hofmann",NULL
"Fernando Ayllón",NULL
"Rako Prijanto",NULL
"Jeremy Rush",NULL
"Sitisiri Mongkolsiri",NULL
"Deniz Yorulmazer",NULL
"Julio Medem",NULL
"Mary Lambert",NULL
"Jerrold Tarog",NULL
"Kelly Park",NULL
"David Marconi",NULL
"Sébastien Betbeder",NULL
"Francesco Lettieri",NULL
"Derek Simonds",NULL
"Andrew L. Schmidt",NULL
"Steven S. DeKnight",NULL
"Matías Bize",NULL
"Gabriel Grieco",NULL
"Diego Luna",NULL
"Jamel Aattache",NULL
"Shadi Ali",NULL
"Majid Al Ansari",NULL
"Martín Sastre",NULL
"David Gregory",NULL
"Brett Haley",NULL
"Yong-ki Jeong",NULL
"Jeffrey G. Hunt",NULL
"Rebecca Rodriguez",NULL
"Kazarr",NULL
"Aaron Augenblick",NULL
"Neil Coombs",NULL
"David Frazee",NULL
"Teddy Chan",NULL
"Christian T. Petersen",NULL
"Damien O'Connor",NULL
"Vitor Brandt",NULL
"Joe Valenti",NULL
"Nawapol Thamrongrattanarit",NULL
"Ben Shelton",NULL
"Carlos Montero",NULL
"Sally El Hosaini",NULL
"Debaloy Dey",NULL
"Daniela Goggi",NULL
"Alison Klayman",NULL
"Mir-Jean Bou Chaaya",NULL
"Guillaume Pierret",NULL
"Sian Heder",NULL
"Jeremy Grant",NULL
"Ashley Way",NULL
"Schamyl Bauman",NULL
"K Rajagopal",NULL
"Santhosh Viswanath",NULL
"Laura Somers",NULL
"Alex Winter",NULL
"Juel Taylor",NULL
"Fabrice Gobert",NULL
"Jin-gyu Cho",NULL
"Gustavo Hernández",NULL
"Ramón Salazar",NULL
"Brian Peter Falk",NULL
"Daniel Monzón",NULL
"Ahmet Katiksiz",NULL
"Husam El-Gohari",NULL
"Myriam Aziza",NULL
"Maximilian Erlenwein",NULL
"Chia-Lin Chu",NULL
"Sam Hargrave",NULL
"Federico Veiroj",NULL
"Nicholas McCarthy",NULL
"Mong-Hong Chung",NULL
"Ali Atay",NULL
"Patrick Brice",NULL
"Charles Maxwell",NULL
"Iginio Straffi",NULL
"Saul Dibb",NULL
"Bentley Kyle Evans",NULL
"Kaashvi Nair",NULL
"Jorge Hinojosa",NULL
"Jeong-beom Lee",NULL
"Stanton Barrett",NULL
"Zsolt Pálfi",NULL
"Prachya Pinkaew",NULL
"Joe Berlinger",NULL
"Bruce McDonald",NULL
"Kate Melville",NULL
"Anna Wieczur-Bluszcz",NULL
"Houssam El-Din Mustafa",NULL
"Poj Arnon",NULL
"Joachim Hedén",NULL
"David Batty",NULL
"Alessandro Pondi",NULL
"Paul Dugdale",NULL
"Jody Hill",NULL
"David Mrnka",NULL
"Alan Zweig",NULL
"Douglas Elford-Argent",NULL
"Sermiyan Midyat",NULL
"Alice Filippi",NULL
"Ömer Ugur",NULL
"Ethan Spaulding",NULL
"Antonio Morabito",NULL
"Adam Mason",NULL
"Christopher Ray",NULL
"Rodrigo Cortés",NULL
"Nancy Schwartzman",NULL
"Vincenzo Natali",NULL
"Tim Scanlan",NULL
"R. Christian Anderson",NULL
"Martín Hodara",NULL
"Tudor Giurgiu",NULL
"Woo-Ping Yuen",NULL
"Theodore Melfi",NULL
"Jay Karas",NULL
"Fredrik Edfeldt",NULL
"Andrés Baiz",NULL
"Alistair Legrand",NULL
"Gio Puyat",NULL
"Marcos Siega",NULL
"Antonio Le Fosse",NULL
"Eagle Egilsson",NULL
"Andrew Jenks",NULL
"Erin Feeley",NULL
"Don Argott",NULL
"Andy Hay",NULL
"Piero Vivarelli",NULL
"Carlos Perez Osorio",NULL
"Justin Edgar",NULL
"Aleksey Sidorov",NULL
"Jack Gold",NULL
"Don Michael Paul",NULL
"Martin Owen",NULL
"Mohamed Hossameldin",NULL
"Allan Ungar",NULL
